-= Cinavia =-;
The Losers [2010];[Cinavia Protected]
The Karate Kid [2010];[Cinavia Protected]
Salt [2010];[Cinavia Protected]
The Other Guys [2010];[Cinavia Protected]
Takers [2010];[Cinavia Protected]
Resident Evil: Afterlife [2010];[Cinavia Protected]
The Social Network [2010];[Cinavia Protected]
The Tourist [2010];[Cinavia Protected]
London Boulevard [2010];[Cinavia Protected]
Dylan Dog: Dead of Night [2010];[Cinavia Protected]
Don't Be Afraid of the Dark [2010];[Cinavia Protected]
Life, Above All [2010];[Cinavia Protected]
The Green Hornet [2011];[Cinavia Protected]
The Roommate [2011];[Cinavia Protected]
Battle: Los Angeles [2011];[Cinavia Protected]
Priest [2011];[Cinavia Protected]
Larry Crowne [2011];[Cinavia Protected]
Bad Teacher [2011];[Cinavia Protected]
Zookeeper [2011];[Cinavia Protected]
Friends with Benefits [2011];[Cinavia Protected]
The Smurfs [2011];[Cinavia Protected]
Midnight in Paris [2011];[Cinavia Protected]
Colombiana [2011];[Cinavia Protected]
The Guard [2011];[Cinavia Protected]
Drive [2011];[Cinavia Protected]
Jodaeiye Nader az Simin [2011];[Cinavia Protected]
A Separation [2011];[Cinavia Protected]
30 Minutes or Less [2011];[Cinavia Protected]
The Thing [2011];[Cinavia Protected]
A Dangerous Method [2011];[Cinavia Protected]
The Adventures of Tintin [2011];[Cinavia Protected]
Moneyball [2011];[Cinavia Protected]
Carnage [2011];[Cinavia Protected]
Jack and Jill [2011];[Cinavia Protected]
Straw Dogs [2011];[Cinavia Protected]
The Ides of March [2011];[Cinavia Protected]
La piel que habito [2011];[Cinavia Protected]
The Skin I Live In [2011];[Cinavia Protected]
Courageous [2011];[Cinavia Protected]
Restless [2011];[Cinavia Protected]
Higher Ground [2011];[Cinavia Protected]
Bucky Larson Born To Be A Star [2011];[Cinavia Protected]
Anonymous [2011];[Cinavia Protected]
The Girl with the Dragon Tattoo [2011];[Cinavia Protected]
Take Shelter [2011];[Cinavia Protected]
Ghost Rider: Spirit of Vengeance [2011];[Cinavia Protected]
Hearat Shulayim [2011];[Cinavia Protected]
Footnote [2011];[Cinavia Protected]
In the Land of Blood and Honey [2011];[Cinavia Protected]
Serbuan maut [2011];[Cinavia Protected]
The Raid: Redemption [2011];[Cinavia Protected]
In Darkness [2011];[Cinavia Protected]
Salmon Fishing in the Yemen [2011];[Cinavia Protected]
Detention [2011];[Cinavia Protected]
Underworld: Awakening [2012];[Cinavia Protected]
The Woman in Black [2012];[Cinavia Protected]
The Vow [2012];[Cinavia Protected]
21 Jump Street [2012];[Cinavia Protected]
Project X [2012];[Cinavia Protected]
Wrath of the Titans [2012];[Cinavia Protected]
Lockout [2012];[Cinavia Protected]
The Pirates! In an Adventure with Scientists! [2012];[Cinavia Protected]
The Pirates! Band of Misfits [2012];[Cinavia Protected]
Hysteria [2011];[Cinavia Protected]
Think Like a Man [2012];[Cinavia Protected]
Men in Black III [2012];[Cinavia Protected]
That's My Boy [2012];[Cinavia Protected]
The Amazing Spider-Man [2012];[Cinavia Protected]
The Campaign [2012];[Cinavia Protected]
Safety Not Guaranteed [2012];[Cinavia Protected]
Arthur Christmas [2011];[Cinavia Protected]
Total Recall [2012];[Cinavia Protected]
Frankenweenie [2012];[Cinavia Protected]
Resident Evil: Retribution [2012];[Cinavia Protected]
Seven Psychopaths [2012];[Cinavia Protected]
Zero Dark Thirty [2012];[Cinavia Protected]
Hotel Transylvania [2012];[Cinavia Protected]
Here Comes the Boom [2012];[Cinavia Protected]
Company of Heroes [2013];[Cinavia Protected]
Playing for Keeps [2012];[Cinavia Protected]
Smashed [2012];[Cinavia Protected]
Robot & Frank [2012];[Cinavia Protected]
Celeste & Jesse Forever [2012];[Cinavia Protected]
Universal Soldier: Day of Reckoning [2012];[Cinavia Protected]
Searching for Sugar Man [2012];[Cinavia Protected]
To Rome with Love [2012];[Cinavia Protected]
Looper [2012];[Cinavia Protected]
The Words [2012];[Cinavia Protected]
Premium Rush [2012];[Cinavia Protected]
Hope Springs [2012];[Cinavia Protected]
Sparkle [2012];[Cinavia Protected]
Rock of Ages [2012];[Cinavia Protected]
The Call [2013];[Cinavia Protected]
Evil Dead [2013];[Cinavia Protected]
Kick-Ass 2 [2013];[Cinavia Protected]
This Is the End [2013];[Cinavia Protected]
After Earth [2013];[Cinavia Protected]
The World's End [2013];[Cinavia Protected]
The To Do List [2013];[Cinavia Protected]
Elysium [2013];[Cinavia Protected]
Insidious: Chapter 2 [2013];[Cinavia Protected]
Captain Phillips [2013];[Cinavia Protected]
American Hustle [2013];[Cinavia Protected]
Bad Country [2014];[Cinavia Protected]
Kill Your Darlings [2013];[Cinavia Protected]
Inside Llewyn Davis [2013];[Cinavia Protected]
Cold Comes the Night [2013];[Cinavia Protected]
Oldboy [2013];[Cinavia Protected]
The Armstrong Lie [2013];[Cinavia Protected]
Wadjda [2012];[Cinavia Protected]
Austenland [2013];[Cinavia Protected]
Bonnie and Clyde [2013];[Cinavia Protected]
Cloudy with a Chance of Meatballs 2 [2013];[Cinavia Protected]
Last Vegas [2013];[Cinavia Protected]
In a World... [2013];[Cinavia Protected]
Blue Jasmine [2013];[Cinavia Protected]
Parkland [2013];[Cinavia Protected]
Los amantes pasajeros [2013];[Cinavia Protected]
I'm So Excited [2013];[Cinavia Protected]
One Direction: This Is Us [2013];[Cinavia Protected]
Battle of the Year [2013];[Cinavia Protected]
The Mortal Instruments: City of Bones [2013];[Cinavia Protected]
The Smurfs 2 [2013];[Cinavia Protected]
Grown Ups 2 [2013];[Cinavia Protected]
White House Down [2013];[Cinavia Protected]
Before Midnight [2013];[Cinavia Protected]
The Kings of Summer [2013];[Cinavia Protected]
Den skaldede frisør [2012];[Cinavia Protected]
Love Is All You Need [2012];[Cinavia Protected]
At Any Price [2012];[Cinavia Protected]
Amour [2012];[Cinavia Protected]
The Company You Keep [2012];[Cinavia Protected]
Olympus Has Fallen [2013];[Cinavia Protected]
West of Memphis [2012];[Cinavia Protected]
The Gatekeepers [2012];[Cinavia Protected]
Dead Man Down [2013];[Cinavia Protected]
No [2012];[Cinavia Protected]
Parker [2013];[Cinavia Protected]
Django Unchained [2012];[Cinavia Protected]
Iron Man: Rise of Technovore [2013];[Cinavia Protected]
Small Apartments [2012];[Cinavia Protected]
Zambezia [2012];[Cinavia Protected]
De rouille et d'os [2012];[Cinavia Protected]
Rust and Bone [2012];[Cinavia Protected]
Neil Young Journeys [2011];[Cinavia Protected]
Et maintenant, on va où? [2011];[Cinavia Protected]
Where Do We Go Now? [2011];[Cinavia Protected]
Starship Troopers: Invasion [2012];[Cinavia Protected]
Darling Companion [2012];[Cinavia Protected]
Meeting Evil [2012];[Cinavia Protected]
Avengers Confidential: Black Widow & Punisher [2014];[Cinavia Protected]
The Invisible Woman [2013];[Cinavia Protected]
47 Ronin [2013];[Cinavia Protected]
That Awkward Moment [2014];[Cinavia Protected]
The Monuments Men [2014];[Cinavia Protected]
Pompeii [2014];[Cinavia Protected]
The Raid 2: Berandal [2014];[Cinavia Protected]
About Last Night [2014];[Cinavia Protected]
Afflicted [2013];[Cinavia Protected]
Make Your Move [2013];[Cinavia Protected]
Appleseed Alpha [2014];[Cinavia Protected]
Heaven Is for Real [2014];[Cinavia Protected]
The Amazing Spider-Man 2 [2014];[Cinavia Protected]
Nebraska [2013];[Cinavia Protected]
The Hungover Games [2014];[Cinavia Protected]
Le passé [2013];[Cinavia Protected]
The Past [2013];[Cinavia Protected]
Bad Milo! [2013];[Cinavia Protected]
Bad Milo [2013];[Cinavia Protected]
Stalingrad [2013];[Cinavia Protected]
Her [2013];[Cinavia Protected]
Gambit [2012];[Cinavia Protected]
How I Live Now [2013];[Cinavia Protected]
Endless Love [2014];[Cinavia Protected]
Tim's Vermeer [2013];[Cinavia Protected]
Dabba [2013];[Cinavia Protected]
The Lunchbox [2013];[Cinavia Protected]
Jodorowsky's Dune [2013];[Cinavia Protected]
The Art of the Steal [2013];[Cinavia Protected]
The Zero Theorem [2013];[Cinavia Protected]
Moms' Night Out [2014];[Cinavia Protected]
A Single Shot [2013];[Cinavia Protected]
Boyhood [2014];[Cinavia Protected]
Damsels in Distress [2011];[Cinavia Protected]
For No Good Reason [2012];[Cinavia Protected]
Think Like a Man Too [2014];[Cinavia Protected]
22 Jump Street [2014];[Cinavia Protected]
In Secret [2013];[Cinavia Protected]
Third Person [2013];[Cinavia Protected]
Only Lovers Left Alive [2013];[Cinavia Protected]
Neighbors [2014];[Cinavia Protected]
Sex Tape [2014];[Cinavia Protected]
A Million Ways to Die in the West [2014];[Cinavia Protected]
Land Ho! [2014];[Cinavia Protected]
Deliver Us from Evil [2014];[Cinavia Protected]
The Equalizer [2014];[Cinavia Protected]
When the Game Stands Tall [2014];[Cinavia Protected]
What If [2013];[Cinavia Protected]
Predestination [2014];[Cinavia Protected]
Magic in the Moonlight [2014];[Cinavia Protected]
Pride [2014];[Cinavia Protected]
No Good Deed [2014];[Cinavia Protected]
Love Is Strange [2014];[Cinavia Protected]
Fury [2014];[Cinavia Protected]
Ouija [2014];[Cinavia Protected]
Dracula Untold [2014];[Cinavia Protected]
The Remaining [2014];[Cinavia Protected]
Get on Up [2014];[Cinavia Protected]
