-= Warner Archive Collection =-;
The Squaw Man [1914];[WAC]
The Prisoner of Zenda [1922];[WAC]
Souls for Sale [1923];[WAC]
The White Sister [1923];[WAC]
Scaramouche [1923];[WAC]
He Who Gets Slapped [1924];[WAC]
The Red Lily [1924];[WAC]
Wild Oranges [1924];[WAC]
The Sea Hawk [1924];[WAC]
Beau Brummel [1924];[WAC]
The Merry Widow [1925];[WAC]
The Monster [1925];[WAC]
The Unholy Three [1925];[WAC]
Lady of the Night [1925];[WAC]
The Circle [1925];[WAC]
Exit Smiling [1926];[WAC]
The Temptress [1926];[WAC]
The Magician [1926];[WAC]
The Boob [1926];[WAC]
Don Juan [1926];[WAC]
The Better 'Ole [1926];[WAC]
Tell It to the Marines [1926];[WAC]
Torrent [1926];[WAC]
La bohème [1926];[WAC]
The Blackbird [1926];[WAC]
The Red Mill [1927];[WAC]
West Point [1927];[WAC]
Mockery [1927];[WAC]
The First Auto [1927];[WAC]
Captain Salvation [1927];[WAC]
Old San Francisco [1927];[WAC]
Love [1927];[WAC]
Spring Fever [1927];[WAC]
When a Man Loves [1927];[WAC]
Mr. Wu [1927];[WAC]
The Show [1927];[WAC]
The Patsy [1928];[WAC]
Show People [1928];[WAC]
White Shadows in the South Seas [1928];[WAC]
Noah's Ark [1928];[WAC]
The Smart Set [1928];[WAC]
The Singing Fool [1928];[WAC]
A Lady of Chance [1928];[WAC]
Across to Singapore AKA All the Brothers Were Valiant [1928];[WAC]
Our Dancing Daughters [1928];[WAC]
The Trail of '98 [1928];[WAC]
West of Zanzibar [1928];[WAC]
Desert Nights [1929];[WAC]
The Kiss [1929];[WAC]
The Hollywood Revue of 1929 [1929];[WAC]
The Last of Mrs. Cheyney [1929];[WAC]
Hallelujah! [1929];[WAC]
The Flying Fleet [1929];[WAC]
Navy Blues [1929];[WAC]
Their Own Desire [1929];[WAC]
The Great Divide [1929];[WAC]
Speedway [1929];[WAC]
Tide of Empire [1929];[WAC]
The Letter [1929];[WAC]
The Single Standard [1929];[WAC]
On with the Show! [1929];[WAC]
So Long Letty [1929];[WAC]
The Squall [1929];[WAC]
The Pagan [1929];[WAC]
Wild Orchids [1929];[WAC]
Weary River [1929];[WAC]
Our Modern Maidens [1929];[WAC]
Rio Rita [1929];[WAC]
Madame X [1929];[WAC]
The Divine Lady [1929];[WAC]
Say It with Songs [1929];[WAC]
It's a Great Life [1929];[WAC]
Sally [1929];[WAC]
Seven Keys to Baldpate [1929];[WAC]
The Idle Rich [1929];[WAC]
So This Is College [1929];[WAC]
The Show of Shows [1929];[WAC]
The Voice of the City [1929];[WAC]
Untamed [1929];[WAC]
Where East Is East [1929];[WAC]
Copy [1929];[WAC]
The Dawn Patrol [1930];[WAC]
The Big House [1930];[WAC]
Hell's Heroes [1930];[WAC]
Free and Easy [1930];[WAC]
Doughboys [1930];[WAC]
Billy the Kid [1930];[WAC]
A Soldier's Plaything [1930];[WAC]
College Hounds [1930];[WAC]
Hot Dog [1930];[WAC]
The Big Dog House [1930];[WAC]
The Dogway Melody [1930];[WAC]
Who Killed Rover? [1930];[WAC]
The Office Wife [1930];[WAC]
One Romantic Night [1930];[WAC]
Maybe It's Love [1930];[WAC]
The Matrimonial Bed [1930];[WAC]
The Woman Racket [1930];[WAC]
Bright Lights [1930];[WAC]
Hook Line and Sinker [1930];[WAC]
Old English [1930];[WAC]
Let Us Be Gay [1930];[WAC]
Lord Byron of Broadway [1930];[WAC]
Going Wild [1930];[WAC]
Big Boy [1930];[WAC]
Golden Dawn [1930];[WAC]
The Girl Said No [1930];[WAC]
Love in the Rough [1930];[WAC]
Sunny [1930];[WAC]
Chasing Rainbows [1930];[WAC]
They Learned About Women [1930];[WAC]
Min and Bill [1930];[WAC]
Madam Satan [1930];[WAC]
The Unholy Three [1930];[WAC]
Son of the Gods [1930];[WAC]
Whoopee! [1930];[WAC]
Montana Moon [1930];[WAC]
Show Girl in Hollywood [1930];[WAC]
Half Shot at Sunrise [1930];[WAC]
Man to Man [1930];[WAC]
Loose Ankles [1930];[WAC]
Road to Paradise [1930];[WAC]
Sweet Kitty Bellairs [1930];[WAC]
Remote Control [1930];[WAC]
Paid [1930];[WAC]
Mammy [1930];[WAC]
Romance [1930];[WAC]
Dogville Collection: Shorts [1930];[WAC]
Three Faces East [1930];[WAC]
Back Pay [1930];[WAC]
Lovin' the Ladies [1930];[WAC]
Mothers Cry [1930];[WAC]
Conspiracy [1930];[WAC]
The Doorway to Hell [1930];[WAC]
The Truth About Youth [1930];[WAC]
Dancing Sweeties [1930];[WAC]
Scarlet Pages [1930];[WAC]
The Bishop Murder Case [1930];[WAC]
Our Blushing Brides [1930];[WAC]
The Rounder [1930];[WAC]
Estrellados [1930];[WAC]
The Last Flight [1931];[WAC]
Hell Divers [1931];[WAC]
Five Star Final [1931];[WAC]
Under 18 [1931];[WAC]
Private Lives [1931];[WAC]
Stepping Out [1931];[WAC]
Illicit [1931];[WAC]
Cracked Nuts [1931];[WAC]
Penrod and Sam [1931];[WAC]
Trader Hound [1931];[WAC]
The Two Barks Brothers [1931];[WAC]
So Quiet on the Canine Front [1931];[WAC]
Love-Tails of Morocco [1931];[WAC]
Susan Lenox <Her Fall and Rise> [1931];[WAC]
Safe in Hell [1931];[WAC]
Politics [1931];[WAC]
Suicide Fleet [1931];[WAC]
The Secret Six [1931];[WAC]
Dance, Fools, Dance [1931];[WAC]
Sporting Blood [1931];[WAC]
Sit Tight [1931];[WAC]
Possessed [1931];[WAC]
The Easiest Way [1931];[WAC]
Reducing [1931];[WAC]
Parlor, Bedroom and Bath [1931];[WAC]
Flying High [1931];[WAC]
Sidewalks of New York [1931];[WAC]
Party Husband [1931];[WAC]
The Naughty Flirt [1931];[WAC]
The Sin of Madelon Claudet [1931];[WAC]
Peach-O-Reno [1931];[WAC]
Laughing Sinners [1931];[WAC]
The Bachelor Father [1931];[WAC]
West of Broadway [1931];[WAC]
This Modern Age [1931];[WAC]
God's Gift to Women [1931];[WAC]
The Public Defender [1931];[WAC]
The Reckless Hour [1931];[WAC]
The Right of Way [1931];[WAC]
Shipmates [1931];[WAC]
The Man in Possession [1931];[WAC]
Side Show [1931];[WAC]
The Squaw Man [1931];[WAC]
The Road to Singapore [1931];[WAC]
Caught Plastered [1931];[WAC]
Downstairs [1932];[WAC]
Red Dust [1932];[WAC]
The Beast of the City [1932];[WAC]
Rasputin and the Empress [1932];[WAC]
High Pressure [1932];[WAC]
Taxi! [1932];[WAC]
Jewel Robbery [1932];[WAC]
Thirteen Women [1932];[WAC]
The Conquerors [1932];[WAC]
Smilin' Through [1932];[WAC]
The Crowd Roars [1932];[WAC]
Tiger Shark [1932];[WAC]
Roar of the Dragon [1932];[WAC]
20,000 Years in Sing Sing [1932];[WAC]
Speak Easily [1932];[WAC]
One Way Passage [1932];[WAC]
Lawyer Man [1932];[WAC]
Flesh [1932];[WAC]
New Morals for Old [1932];[WAC]
Man Wanted [1932];[WAC]
Street of Women [1932];[WAC]
The Half Naked Truth [1932];[WAC]
Make Me a Star [1932];[WAC]
Fast Life [1932];[WAC]
The Woman from Monte Carlo [1932];[WAC]
Stranger in Town [1932];[WAC]
Emma [1932];[WAC]
The Phantom of Crestwood [1932];[WAC]
The Tenderfoot [1932];[WAC]
A Successful Calamity [1932];[WAC]
Girl Crazy [1932];[WAC]
Beauty and the Boss [1932];[WAC]
The Strange Love of Molly Louvain [1932];[WAC]
Kongo [1932];[WAC]
Union Depot [1932];[WAC]
Penguin Pool Murder [1932];[WAC]
The Passionate Plumber [1932];[WAC]
Blessed Event [1932];[WAC]
The Rich Are Always with Us [1932];[WAC]
Polly of the Circus [1932];[WAC]
Skyscraper Souls [1932];[WAC]
Symphony of Six Million [1932];[WAC]
What Price Hollywood? [1932];[WAC]
Faithless [1932];[WAC]
Lovers Courageous [1932];[WAC]
Week-End Marriage [1932];[WAC]
Are You Listening? [1932];[WAC]
Strange Interlude [1932];[WAC]
Two Seconds [1932];[WAC]
Alias the Doctor [1932];[WAC]
Huddle [1932];[WAC]
Miss Pinkerton [1932];[WAC]
But the Flesh Is Weak [1932];[WAC]
Winner Take All [1932];[WAC]
The Wet Parade [1932];[WAC]
They Call It Sin [1932];[WAC]
The Age of Consent [1932];[WAC]
The Hatchet Man [1932];[WAC]
The Sport Parade [1932];[WAC]
It's Tough to Be Famous [1932];[WAC]
State's Attorney [1932];[WAC]
Love Is a Racket [1932];[WAC]
Is My Face Red? [1932];[WAC]
The Crash [1932];[WAC]
Men of America [1932];[WAC]
Hold 'Em Jail [1932];[WAC]
Going Hollywood [1933];[WAC]
Bombshell [1933];[WAC]
Today We Live [1933];[WAC]
Ladies They Talk About [1933];[WAC]
Christopher Strong [1933];[WAC]
The White Sister [1933];[WAC]
If I Were Free [1933];[WAC]
Gabriel Over the White House [1933];[WAC]
The Working Man [1933];[WAC]
The Nuisance [1933];[WAC]
Turn Back the Clock [1933];[WAC]
The King's Vacation [1933];[WAC]
Lucky Devils [1933];[WAC]
The Prizefighter and the Lady [1933];[WAC]
College Coach [1933];[WAC]
Central Airport [1933];[WAC]
Tugboat Annie [1933];[WAC]
Penthouse [1933];[WAC]
Day of Reckoning [1933];[WAC]
Blondie Johnson [1933];[WAC]
Chance at Heaven [1933];[WAC]
What! No Beer? [1933];[WAC]
Bureau of Missing Persons [1933];[WAC]
Private Detective 62 [1933];[WAC]
Ex-Lady [1933];[WAC]
Hard to Handle [1933];[WAC]
Diplomaniacs [1933];[WAC]
One Sunday Afternoon [1933];[WAC]
Employees' Entrance [1933];[WAC]
Havana Widows [1933];[WAC]
Girl Missing [1933];[WAC]
Untamed Africa [1933];[WAC]
The House on 56th Street [1933];[WAC]
The Barbarian [1933];[WAC]
From Headquarters [1933];[WAC]
Ace of Aces [1933];[WAC]
The Silk Express [1933];[WAC]
Made on Broadway [1933];[WAC]
The Mind Reader [1933];[WAC]
Parachute Jumper [1933];[WAC]
Fast Workers [1933];[WAC]
Hold Your Man [1933];[WAC]
Clear All Wires! [1933];[WAC]
The Kennel Murder Case [1933];[WAC]
Sweepings [1933];[WAC]
Gobs of Fun [1933];[WAC]
Operator 13 [1934];[WAC]
The Church Mouse [1934];[WAC]
Fog Over Frisco [1934];[WAC]
Here Comes the Navy [1934];[WAC]
The Barretts of Wimpole Street [1934];[WAC]
Flirtation Walk [1934];[WAC]
Forsaking All Others [1934];[WAC]
Jimmy the Gent [1934];[WAC]
The Girl from Missouri [1934];[WAC]
The Big Shakedown [1934];[WAC]
The Man with Two Faces [1934];[WAC]
Treasure Island [1934];[WAC]
The Secret Bride [1934];[WAC]
The Merry Widow [1934];[WAC]
Heat Lightning [1934];[WAC]
Men in White [1934];[WAC]
Riptide [1934];[WAC]
Spitfire [1934];[WAC]
The Merry Frinks [1934];[WAC]
Chained [1934];[WAC]
Finishing School [1934];[WAC]
The Little Minister [1934];[WAC]
Upperworld [1934];[WAC]
Happiness Ahead [1934];[WAC]
Big Hearted Herbert [1934];[WAC]
Midnight Alibi [1934];[WAC]
Hollywood Party [1934];[WAC]
Fashions of 1934 [1934];[WAC]
Murder on the Blackboard [1934];[WAC]
Kid Millions [1934];[WAC]
Housewife [1934];[WAC]
I've Got Your Number [1934];[WAC]
The Age of Innocence [1934];[WAC]
Strictly Dynamite [1934];[WAC]
Wonder Bar [1934];[WAC]
Merry Wives of Reno [1934];[WAC]
Smarty [1934];[WAC]
British Agent [1934];[WAC]
Hips, Hips, Hooray! [1934];[WAC]
The Painted Veil [1934];[WAC]
Mandalay [1934];[WAC]
Kentucky Kernels [1934];[WAC]
The Dragon Murder Case [1934];[WAC]
The Case of the Howling Dog [1934];[WAC]
Massacre [1934];[WAC]
His Greatest Gamble [1934];[WAC]
Registered Nurse [1934];[WAC]
The Cat and the Fiddle [1934];[WAC]
The Key [1934];[WAC]
Smoked Hams [1934];[WAC]
My Mummy's Arms [1934];[WAC]
Dizzy & Daffy [1934];[WAC]
A Peach of a Pair [1934];[WAC]
Daredevil O'Dare [1934];[WAC]
So You Won't T-T-T-Talk [1934];[WAC]
Bordertown [1935];[WAC]
Star of Midnight [1935];[WAC]
The Personal History, Adventures, Experience, & Observation of David Copperfield the Younger [1935];[WAC]
Alice Adams [1935];[WAC]
The Woman in Red [1935];[WAC]
Naughty Marietta [1935];[WAC]
I Live My Life [1935];[WAC]
Reckless [1935];[WAC]
Romance in Manhattan [1935];[WAC]
Black Fury [1935];[WAC]
Living on Velvet [1935];[WAC]
Dangerous [1935];[WAC]
No More Ladies [1935];[WAC]
The Right to Live [1935];[WAC]
Alibi Ike [1935];[WAC]
The Goose and the Gander [1935];[WAC]
The Girl from 10th Avenue [1935];[WAC]
Stranded [1935];[WAC]
In Caliente [1935];[WAC]
How to Sleep [1935];[WAC]
Frisco Kid [1935];[WAC]
Vagabond Lady [1935];[WAC]
Shipmates Forever [1935];[WAC]
Break of Hearts [1935];[WAC]
Go Into Your Dance [1935];[WAC]
Ah, Wilderness! [1935];[WAC]
Whipsaw [1935];[WAC]
Rendezvous [1935];[WAC]
Don't Bet on Blondes [1935];[WAC]
Seven Keys to Baldpate [1935];[WAC]
The White Cockatoo [1935];[WAC]
The Casino Murder Case [1935];[WAC]
Two Hearts in Wax Time [1935];[WAC]
After Office Hours [1935];[WAC]
The Case of the Curious Bride [1935];[WAC]
Front Page Woman [1935];[WAC]
While the Patient Slept [1935];[WAC]
Hooray for Love [1935];[WAC]
The Rainmakers [1935];[WAC]
The Case of the Lucky Legs [1935];[WAC]
Shadow of Doubt [1935];[WAC]
Murder on a Honeymoon [1935];[WAC]
A Thrill for Thelma [1935];[WAC]
Alibi Racket [1935];[WAC]
Crime Does Not Pay Series No. 1 Entitled 'Buried Loot' [1935];[WAC]
Desert Death [1935];[WAC]
'Hit-and-Run Driver' [1935];[WAC]
Oil for the Lamps of China [1935];[WAC]
Miss Pacific Fleet [1935];[WAC]
Traveling Saleslady [1935];[WAC]
Gypsy Night [1935];[WAC]
Memories and Melodies [1935];[WAC]
His First Flame [1935];[WAC]
The Nitwits [1935];[WAC]
When the Cat's Away [1935];[WAC]
On the Wagon [1935];[WAC]
The Officer's Mess [1935];[WAC]
Serves You Right [1935];[WAC]
Why Pay Rent? [1935];[WAC]
Love on the Run [1936];[WAC]
Mister Cinderella [1936];[WAC]
The Bride Walks Out [1936];[WAC]
The Ex-Mrs. Bradford [1936];[WAC]
The Golden Arrow [1936];[WAC]
Suzy [1936];[WAC]
Murder on a Bridle Path [1936];[WAC]
The Green Pastures [1936];[WAC]
Colleen [1936];[WAC]
The Unguarded Hour [1936];[WAC]
Show Boat [1936];[WAC]
Times Square Playboy [1936];[WAC]
Road Gang [1936];[WAC]
The Gorgeous Hussy [1936];[WAC]
Three Godfathers [1936];[WAC]
A Woman Rebels [1936];[WAC]
Love on a Bet [1936];[WAC]
Riffraff [1936];[WAC]
How to Behave [1936];[WAC]
How to Train a Dog [1936];[WAC]
How to Vote [1936];[WAC]
Give Me Your Heart [1936];[WAC]
Cain and Mabel [1936];[WAC]
The Singing Kid [1936];[WAC]
The Devil Is a Sissy [1936];[WAC]
Moonlight Murder [1936];[WAC]
The Garden Murder Case [1936];[WAC]
Every Sunday [1936];[WAC]
Rose-Marie [1936];[WAC]
Mummy's Boys [1936];[WAC]
The Public Pays [1936];[WAC]
The Case of the Velvet Claws [1936];[WAC]
The Case of the Black Cat [1936];[WAC]
The Plot Thickens [1936];[WAC]
Foolproof [1936];[WAC]
China Clipper [1936];[WAC]
The Perfect Set-Up [1936];[WAC]
Exclusive Story [1936];[WAC]
New Shoes [1936];[WAC]
Violets in Spring [1936];[WAC]
Swing Banditry [1936];[WAC]
No Place Like Rome [1936];[WAC]
For the Love of Pete [1936];[WAC]
A Girl's Best Years [1936];[WAC]
Annie Laurie [1936];[WAC]
Punch and Beauty [1936];[WAC]
Absorbing Junior [1936];[WAC]
The Blonde Bomber [1936];[WAC]
The Choke's on You [1936];[WAC]
Here's Howe [1936];[WAC]
Saratoga [1937];[WAC]
The Great Garrick [1937];[WAC]
A Family Affair [1937];[WAC]
Breakfast for Two [1937];[WAC]
Forty Naughty Girls [1937];[WAC]
You're Only Young Once [1937];[WAC]
Call It a Day [1937];[WAC]
It's Love I'm After [1937];[WAC]
Live, Love and Learn [1937];[WAC]
Personal Property [1937];[WAC]
They Won't Forget [1937];[WAC]
The Case of the Stuttering Bishop [1937];[WAC]
The Last Gangster [1937];[WAC]
The Prince and the Pauper [1937];[WAC]
Green Light [1937];[WAC]
Slim [1937];[WAC]
Mannequin [1937];[WAC]
That Certain Woman [1937];[WAC]
Draegerman Courage [1937];[WAC]
Sh! The Octopus [1937];[WAC]
Thoroughbreds Don't Cry [1937];[WAC]
Love Is on the Air [1937];[WAC]
Conquest [1937];[WAC]
Ready, Willing and Able [1937];[WAC]
Madame X [1937];[WAC]
The Emperor's Candlesticks [1937];[WAC]
Night Must Fall [1937];[WAC]
A Damsel in Distress [1937];[WAC]
How to Start the Day [1937];[WAC]
The Romance of Digestion [1937];[WAC]
The Great O'Malley [1937];[WAC]
Big City [1937];[WAC]
Quality Street [1937];[WAC]
Nobody's Baby [1937];[WAC]
The Bad Man of Brimstone [1937];[WAC]
Stolen Holiday [1937];[WAC]
Rosalie [1937];[WAC]
West of Shanghai [1937];[WAC]
Parnell [1937];[WAC]
The Toast of New York [1937];[WAC]
Fly Away Baby [1937];[WAC]
The Firefly [1937];[WAC]
Smart Blonde [1937];[WAC]
The Last of Mrs. Cheyney [1937];[WAC]
The Adventurous Blonde [1937];[WAC]
On Again-Off Again [1937];[WAC]
Maytime [1937];[WAC]
Pick a Star [1937];[WAC]
Hitting a New High [1937];[WAC]
Behind the Criminal [1937];[WAC]
Give Till It Hurts [1937];[WAC]
It May Happen to You [1937];[WAC]
Soak the Poor [1937];[WAC]
Penrod and Sam [1937];[WAC]
Torture Money [1937];[WAC]
Dancing on the Ceiling [1937];[WAC]
High Flyers [1937];[WAC]
The Bride Wore Red [1937];[WAC]
Carnival in Paris [1937];[WAC]
Navy Blue and Gold [1937];[WAC]
Song of Revolt [1937];[WAC]
The Little Maestro [1937];[WAC]
Bars and Stripes [1937];[WAC]
Kick Me Again [1937];[WAC]
Taking the Count [1937];[WAC]
Torchy Gets Her Man [1938];[WAC]
Vivacious Lady [1938];[WAC]
Four Daughters [1938];[WAC]
The Mad Miss Manton [1938];[WAC]
The Citadel [1938];[WAC]
Test Pilot [1938];[WAC]
Four's a Crowd [1938];[WAC]
Having Wonderful Time [1938];[WAC]
Joy of Living [1938];[WAC]
Three Loves Has Nancy [1938];[WAC]
Too Hot to Handle [1938];[WAC]
Mystery House [1938];[WAC]
Three Comrades [1938];[WAC]
Crime School [1938];[WAC]
The Girl of the Golden West [1938];[WAC]
Smashing the Rackets [1938];[WAC]
The Shining Hour [1938];[WAC]
The Great Waltz [1938];[WAC]
Hard to Get [1938];[WAC]
The Invisible Menace [1938];[WAC]
Everybody Sing [1938];[WAC]
The Shopworn Angel [1938];[WAC]
The Patient in Room 18 [1938];[WAC]
The Crowd Roars [1938];[WAC]
The Sisters [1938];[WAC]
Cowboy from Brooklyn [1938];[WAC]
The Toy Wife [1938];[WAC]
Sweethearts [1938];[WAC]
Garden of the Moon [1938];[WAC]
Go Chase Yourself [1938];[WAC]
The Law West of Tombstone [1938];[WAC]
The Renegade Ranger [1938];[WAC]
An Evening Alone [1938];[WAC]
How to Figure Income Tax [1938];[WAC]
How to Raise a Baby [1938];[WAC]
How to Read [1938];[WAC]
How to Watch Football [1938];[WAC]
Mental Poise [1938];[WAC]
Music Made Simple [1938];[WAC]
Opening Day [1938];[WAC]
The Courtship of the Newt [1938];[WAC]
Out West with the Hardys [1938];[WAC]
Judge Hardy's Children [1938];[WAC]
Love Finds Andy Hardy [1938];[WAC]
Paradise for Three [1938];[WAC]
Marie Antoinette [1938];[WAC]
Blondes at Work [1938];[WAC]
Torchy Blane in Panama [1938];[WAC]
Of Human Hearts [1938];[WAC]
Penrod's Double Trouble [1938];[WAC]
Fast Company [1938];[WAC]
A Criminal Is Born [1938];[WAC]
Come Across [1938];[WAC]
Listen, Darling [1938];[WAC]
Miracle Money [1938];[WAC]
The Wrong Way Out [1938];[WAC]
They're Always Caught [1938];[WAC]
Think It Over [1938];[WAC]
What Price Safety! [1938];[WAC]
Young Dr. Kildare [1938];[WAC]
Les cadets de Virginie [1938];[WAC]
Men of Steel [1938];[WAC]
Once Over Lightly [1938];[WAC]
Streamlined Swing [1938];[WAC]
It's in the Stars [1938];[WAC]
The Magician's Daughter [1938];[WAC]
The Canary Comes Across [1938];[WAC]
Snow Gets in Your Eyes [1938];[WAC]
Goodbye, Mr. Chips [1939];[WAC]
The Oklahoma Kid [1939];[WAC]
Fast and Furious [1939];[WAC]
In Name Only [1939];[WAC]
Bachelor Mother [1939];[WAC]
Fifth Avenue Girl [1939];[WAC]
Idiot's Delight [1939];[WAC]
It's a Wonderful World [1939];[WAC]
You Can't Get Away with Murder [1939];[WAC]
King of the Underworld [1939];[WAC]
On Borrowed Time [1939];[WAC]
The Saint Strikes Back [1939];[WAC]
Confessions of a Nazi Spy [1939];[WAC]
The Adventures of Huckleberry Finn [1939];[WAC]
Juarez [1939];[WAC]
The Ice Follies of 1939 [1939];[WAC]
Secret Service of the Air [1939];[WAC]
Code of the Secret Service [1939];[WAC]
The Saint in London [1939];[WAC]
These Glamour Girls [1939];[WAC]
The Angels Wash Their Faces [1939];[WAC]
Dancing Co-Ed [1939];[WAC]
Daughters Courageous [1939];[WAC]
Four Wives [1939];[WAC]
Honolulu [1939];[WAC]
An Hour for Lunch [1939];[WAC]
Dark Magic [1939];[WAC]
Home Early [1939];[WAC]
How to Eat [1939];[WAC]
How to Sub-Let [1939];[WAC]
See Your Doctor [1939];[WAC]
Judge Hardy and Son [1939];[WAC]
Andy Hardy Gets Spring Fever [1939];[WAC]
The Girl from Mexico [1939];[WAC]
Miracles for Sale [1939];[WAC]
Society Lawyer [1939];[WAC]
Stronger Than Desire [1939];[WAC]
Torchy Blane.. Playing with Dynamite [1939];[WAC]
Torchy Blane in Chinatown [1939];[WAC]
Torchy Runs for Mayor [1939];[WAC]
Reno [1939];[WAC]
Balalaika [1939];[WAC]
Stand Up and Fight [1939];[WAC]
Nick Carter, Master Detective [1939];[WAC]
Fast and Loose [1939];[WAC]
Drunk Driving [1939];[WAC]
Help Wanted [1939];[WAC]
Money to Loan [1939];[WAC]
Broadway Serenade [1939];[WAC]
Think First [1939];[WAC]
While America Sleeps [1939];[WAC]
Let Freedom Ring [1939];[WAC]
Maisie [1939];[WAC]
On Dress Parade [1939];[WAC]
Hell's Kitchen [1939];[WAC]
Devil's Island [1939];[WAC]
On demande le Docteur Kildare AKA Calling Dr. Kildare [1939];[WAC]
The Secret of Dr. Kildare [1939];[WAC]
The Marshal of Mesa City [1939];[WAC]
The Hardys Ride High [1939];[WAC]
Love on Tap [1939];[WAC]
Happily Buried [1939];[WAC]
Somewhat Secret [1939];[WAC]
Mendelssohn's Wedding March [1939];[WAC]
Rhumba Rhythm at the Hollywood La Conga [1939];[WAC]
The Mortal Storm [1940];[WAC]
Stranger on the Third Floor [1940];[WAC]
Dr. Kildare's Strange Case [1940];[WAC]
'Northwest Passage' (Book I -- Rogers' Rangers) [1940];[WAC]
Kitty Foyle: The Natural History of a Woman [1940];[WAC]
Brother Rat and a Baby [1940];[WAC]
Lucky Partners [1940];[WAC]
No Time for Comedy [1940];[WAC]
It All Came True [1940];[WAC]
The Saint's Double Trouble [1940];[WAC]
Comrade X [1940];[WAC]
Gold Rush Maisie [1940];[WAC]
Andy Hardy Meets Debutante [1940];[WAC]
Jack Pot [1940];[WAC]
Two Girls on Broadway [1940];[WAC]
Mexican Spitfire [1940];[WAC]
Calling Philo Vance [1940];[WAC]
Escape [1940];[WAC]
New Moon [1940];[WAC]
Eyes of the Navy [1940];[WAC]
Vigil in the Night [1940];[WAC]
The Saint Takes Over [1940];[WAC]
Dr. Ehrlich's Magic Bullet [1940];[WAC]
Abe Lincoln in Illinois [1940];[WAC]
Primrose Path [1940];[WAC]
Young Tom Edison [1940];[WAC]
Edison, the Man [1940];[WAC]
I Take This Woman [1940];[WAC]
The Golden Fleecing [1940];[WAC]
My Love Came Back [1940];[WAC]
Susan and God [1940];[WAC]
Little Nellie Kelly [1940];[WAC]
Dr. Kildare's Crisis [1940];[WAC]
Dr. Kildare Goes Home [1940];[WAC]
Phantom Raiders [1940];[WAC]
Gallant Sons [1940];[WAC]
You, the People [1940];[WAC]
Women in Hiding [1940];[WAC]
Broadway Melody of 1940 [1940];[WAC]
Flight Command [1940];[WAC]
Congo Maisie [1940];[WAC]
Castle on the Hudson [1940];[WAC]
Home Movies [1940];[WAC]
That Inferior Feeling [1940];[WAC]
Mexican Spitfire Out West [1940];[WAC]
Wagon Train [1940];[WAC]
Sky Murder [1940];[WAC]
Buyer Beware [1940];[WAC]
Know Your Money [1940];[WAC]
Pound Foolish [1940];[WAC]
Soak the Old [1940];[WAC]
Irene [1940];[WAC]
Flight Angels [1940];[WAC]
Triple Justice [1940];[WAC]
Legion of the Lawless [1940];[WAC]
The Fargo Kid [1940];[WAC]
Men Against the Sky [1940];[WAC]
Hullabaloo [1940];[WAC]
Come Live with Me [1941];[WAC]
Manpower [1941];[WAC]
Honky Tonk [1941];[WAC]
The Strawberry Blonde [1941];[WAC]
Johnny Eager [1941];[WAC]
Out of the Fog [1941];[WAC]
Footsteps in the Dark [1941];[WAC]
Tom Dick and Harry [1941];[WAC]
Two-Faced Woman [1941];[WAC]
Whistling in the Dark [1941];[WAC]
A Crime Does Not Pay Subject: Forbidden Passage [1941];[WAC]
Rage in Heaven [1941];[WAC]
Billy the Kid [1941];[WAC]
'The Smiling Ghost' [1941];[WAC]
They Met in Bombay [1941];[WAC]
Mexican Spitfire's Baby [1941];[WAC]
Play Girl [1941];[WAC]
The Saint in Palm Springs [1941];[WAC]
Four Mothers [1941];[WAC]
H.M. Pulham, Esq. [1941];[WAC]
When Ladies Meet [1941];[WAC]
Design for Scandal [1941];[WAC]
The Gay Falcon [1941];[WAC]
The Wagons Roll at Night [1941];[WAC]
Maisie Was a Lady [1941];[WAC]
Look Who's Laughing [1941];[WAC]
Arizona Bound [1941];[WAC]
The Bandit Trail [1941];[WAC]
Along the Rio Grande [1941];[WAC]
Dude Cowboy [1941];[WAC]
Robbers of the Range [1941];[WAC]
Life Begins for Andy Hardy [1941];[WAC]
Andy Hardy's Private Secretary [1941];[WAC]
The Case of the Black Parrot [1941];[WAC]
The Bad Man [1941];[WAC]
The Chocolate Soldier [1941];[WAC]
Coffins on Wheels [1941];[WAC]
Ringside Maisie [1941];[WAC]
Respect the Law [1941];[WAC]
Sucker List [1941];[WAC]
Playmates [1941];[WAC]
I'll Wait for You [1941];[WAC]
The Saint's Vacation [1941];[WAC]
The People vs. Dr. Kildare [1941];[WAC]
Dr. Kildare's Wedding Day [1941];[WAC]
Cyclone on Horseback [1941];[WAC]
Forbidden Trails [1941];[WAC]
The Gunman from Bodie [1941];[WAC]
Once Upon a Honeymoon [1942];[WAC]
We Were Dancing [1942];[WAC]
Grand Central Murder [1942];[WAC]
Crossroads [1942];[WAC]
The Male Animal [1942];[WAC]
The Falcon Takes Over [1942];[WAC]
George Washington Slept Here [1942];[WAC]
The Hidden Hand [1942];[WAC]
The Vanishing Virginian [1942];[WAC]
Tortilla Flat [1942];[WAC]
Mexican Spitfire's Elephant [1942];[WAC]
Somewhere I'll Find You [1942];[WAC]
Seven Sweethearts [1942];[WAC]
Cairo [1942];[WAC]
So You Want to Give Up Smoking [1942];[WAC]
Andy Hardy's Double Life [1942];[WAC]
Rio Rita [1942];[WAC]
The Mayor of 44th Street [1942];[WAC]
You Can't Escape Forever [1942];[WAC]
Journey for Margaret [1942];[WAC]
A Date with the Falcon [1942];[WAC]
A Yank at Eton [1942];[WAC]
Whistling in Dixie [1942];[WAC]
The Falcon's Brother [1942];[WAC]
Joan of Paris [1942];[WAC]
Mexican Spitfire at Sea [1942];[WAC]
Seven Days' Leave [1942];[WAC]
Ship Ahoy [1942];[WAC]
I Married an Angel [1942];[WAC]
The Great Gildersleeve [1942];[WAC]
So You Think You Need Glasses [1942];[WAC]
Her Cardboard Lover [1942];[WAC]
Bandit Ranger [1942];[WAC]
Come on Danger [1942];[WAC]
Pirates of the Prairie [1942];[WAC]
The Courtship of Andy Hardy [1942];[WAC]
Juke Girl [1942];[WAC]
Mexican Spitfire Sees a Ghost [1942];[WAC]
Panama Hattie [1942];[WAC]
Tish [1942];[WAC]
Don't Talk [1942];[WAC]
For the Common Defense! [1942];[WAC]
Keep 'Em Sailing [1942];[WAC]
Maisie Gets Her Man [1942];[WAC]
Dr. Kildare's Victory [1942];[WAC]
Below the Border [1942];[WAC]
Ghost Town law [1942];[WAC]
Stand by for Action [1942];[WAC]
Land of the Open Range [1942];[WAC]
Riding the Wind [1942];[WAC]
Thundering Hoofs [1942];[WAC]
Here We Go Again [1942];[WAC]
West of the Law [1942];[WAC]
Fighting Frontier [1943];[WAC]
Princess O'Rourke [1943];[WAC]
Air Force [1943];[WAC]
Lost Angel [1943];[WAC]
The Human Comedy [1943];[WAC]
Madame Curie [1943];[WAC]
The Fallen Sparrow [1943];[WAC]
Mr. Lucky [1943];[WAC]
The Sky's the Limit [1943];[WAC]
The Avenging Rider [1943];[WAC]
This Land Is Mine [1943];[WAC]
Background to Danger [1943];[WAC]
The Constant Nymph [1943];[WAC]
Mexican Spitfire's Blessed Event [1943];[WAC]
A Guy Named Joe [1943];[WAC]
Bombardier [1943];[WAC]
I Dood It [1943];[WAC]
Thousands Cheer [1943];[WAC]
Cry 'Havoc' [1943];[WAC]
The Falcon and the Co-eds [1943];[WAC]
The Falcon in Danger [1943];[WAC]
The Falcon Strikes Back [1943];[WAC]
Above Suspicion [1943];[WAC]
Gildersleeve's Bad Day [1943];[WAC]
Gildersleeve on Broadway [1943];[WAC]
I Escaped from the Gestapo [1943];[WAC]
Young Ideas [1943];[WAC]
Whistling in Brooklyn [1943];[WAC]
Sagebrush Law [1943];[WAC]
My Tomato [1943];[WAC]
No News Is Good News [1943];[WAC]
Mission to Moscow [1943];[WAC]
Slightly Dangerous [1943];[WAC]
The Cross of Lorraine [1943];[WAC]
The Saint Meets the Tiger [1943];[WAC]
Plan for Destruction [1943];[WAC]
Pilot #5 [1943];[WAC]
Swing Shift Maisie [1943];[WAC]
Swing Fever [1943];[WAC]
Salute to the Marines [1943];[WAC]
Women in Bondage [1943];[WAC]
Truck Busters [1943];[WAC]
The Texas Kid [1943];[WAC]
Outlaws of Stampede Pass [1943];[WAC]
Where Are Your Children? [1943];[WAC]
Presenting Lily Mars [1943];[WAC]
The Youngest Profession [1943];[WAC]
Find the Blackmailer [1943];[WAC]
The Ghost Rider [1943];[WAC]
Heavenly Music [1943];[WAC]
Six Gun Gospel [1943];[WAC]
The Stranger from Pecos [1943];[WAC]
Ode to Victory [1943];[WAC]
Gaslight [1944];[WAC]
Between Two Worlds [1944];[WAC]
The Falcon Out West [1944];[WAC]
Kismet [1944];[WAC]
An American Romance [1944];[WAC]
When Strangers Marry AKA Betrayed [1944];[WAC]
The Mask of Dimitrios [1944];[WAC]
Experiment Perilous [1944];[WAC]
The Miracle of Morgan's Creek [1944];[WAC]
None But the Lonely Heart [1944];[WAC]
The Master Race [1944];[WAC]
The White Cliffs of Dover [1944];[WAC]
Days of Glory [1944];[WAC]
Gildersleeve's Ghost [1944];[WAC]
See Here, Private Hargrove [1944];[WAC]
Johnny Doesn't Live Here Any More [1944];[WAC]
Up in Arms [1944];[WAC]
Two Girls and a Sailor [1944];[WAC]
The Heavenly Body [1944];[WAC]
The Adventures of Mark Twain [1944];[WAC]
Broadway Rhythm [1944];[WAC]
Mrs. Parkington [1944];[WAC]
Show Business [1944];[WAC]
Meet the People [1944];[WAC]
The Seventh Cross [1944];[WAC]
The Conspirators [1944];[WAC]
Heavenly Days [1944];[WAC]
The Falcon in Mexico [1944];[WAC]
The Falcon in Hollywood [1944];[WAC]
The Canterville Ghost [1944];[WAC]
Important Business [1944];[WAC]
Andy Hardy's Blonde Trouble [1944];[WAC]
Music for Millions [1944];[WAC]
Dark Shadows [1944];[WAC]
Easy Life [1944];[WAC]
Patrolling the Ether [1944];[WAC]
Maisie Goes to Reno [1944];[WAC]
Ghost Guns [1944];[WAC]
Partners of the Trail [1944];[WAC]
Law Men [1944];[WAC]
Range Law [1944];[WAC]
Bride by Mistake [1944];[WAC]
Land of the Outlaws [1944];[WAC]
Law of the Valley [1944];[WAC]
West of the Rio Grande [1944];[WAC]
Yolanda and the Thief [1945];[WAC]
Wonder Man [1945];[WAC]
The Falcon in San Francisco [1945];[WAC]
Pride of the Marines [1945];[WAC]
The Spanish Main [1945];[WAC]
The Enchanted Cottage [1945];[WAC]
The Clock [1945];[WAC]
Bewitched [1945];[WAC]
Confidential Agent [1945];[WAC]
Conflict [1945];[WAC]
The Horn Blows at Midnight [1945];[WAC]
A Gun in His Hand [1945];[WAC]
Her Highness and the Bellboy [1945];[WAC]
Our Vines Have Tender Grapes [1945];[WAC]
Perfect Strangers AKA Vacation from Marriage [1945];[WAC]
Saratoga Trunk [1945];[WAC]
The Corn Is Green [1945];[WAC]
Adventure [1945];[WAC]
Week-End at the Waldorf [1945];[WAC]
George White's Scandals [1945];[WAC]
Roughly Speaking [1945];[WAC]
Keep Your Powder Dry [1945];[WAC]
God Is My Co-Pilot [1945];[WAC]
Rhapsody in Blue [1945];[WAC]
The Valley of Decision [1945];[WAC]
So You Think You're Allergic [1945];[WAC]
Fall Guy [1945];[WAC]
Phantoms, Inc. [1945];[WAC]
Purity Squad [1945];[WAC]
The Last Installment [1945];[WAC]
Gun Smoke [1945];[WAC]
Frontier Feud [1945];[WAC]
The Navajo Trail [1945];[WAC]
Flame of the West [1945];[WAC]
Riders of the Dawn [1945];[WAC]
Lonesome Trail [1945];[WAC]
Black Market Babies [1945];[WAC]
Saddle Serenade [1945];[WAC]
Radio Stars on Parade [1945];[WAC]
Springtime in Texas [1945];[WAC]
Spreadin' the Jam [1945];[WAC]
Never Say Goodbye [1946];[WAC]
The Falcon's Adventure [1946];[WAC]
A Stolen Life [1946];[WAC]
The Locket [1946];[WAC]
In Fast Company [1946];[WAC]
Spook Busters [1946];[WAC]
Nocturne [1946];[WAC]
The Beast with Five Fingers [1946];[WAC]
Crack-Up [1946];[WAC]
Two Smart People [1946];[WAC]
Suspense [1946];[WAC]
The Verdict [1946];[WAC]
Three Strangers [1946];[WAC]
Nobody Lives Forever [1946];[WAC]
Two Sisters from Boston [1946];[WAC]
So Goes My Love [1946];[WAC]
Devotion [1946];[WAC]
Holiday in Mexico [1946];[WAC]
Badman's Territory [1946];[WAC]
So You Think You're a Nervous Wreck [1946];[WAC]
Wife Wanted [1946];[WAC]
The Bamboo Blonde [1946];[WAC]
Up Goes Maisie [1946];[WAC]
Live Wires [1946];[WAC]
The Green Years [1946];[WAC]
The Falcon's Alibi [1946];[WAC]
So You Want to Play the Horses [1946];[WAC]
So You Want to Keep Your Hair [1946];[WAC]
Gallant Bess [1946];[WAC]
Love Laughs at Andy Hardy [1946];[WAC]
Swing Parade of 1946 [1946];[WAC]
Bowery Bombshell [1946];[WAC]
Moon Over Montana [1946];[WAC]
Border Bandits [1946];[WAC]
Don't Gamble with Strangers [1946];[WAC]
Shadows on the Range [1946];[WAC]
The Kid from Brooklyn [1946];[WAC]
Silver Range [1946];[WAC]
Trigger Fingers [1946];[WAC]
Musical Masterpieces [1946];[WAC]
Possessed [1947];[WAC]
The Two Mrs. Carrolls [1947];[WAC]
The Woman on the Beach [1947];[WAC]
The Bowery Boys in Bowery Buckaroos [1947];[WAC]
The Gangster [1947];[WAC]
Sinbad the Sailor [1947];[WAC]
The Fugitive [1947];[WAC]
Deep Valley [1947];[WAC]
The Unfaithful [1947];[WAC]
High Wall [1947];[WAC]
The Man I Love [1947];[WAC]
Cry Wolf [1947];[WAC]
Fall Guy [1947];[WAC]
Nora Prentiss [1947];[WAC]
Violence [1947];[WAC]
The Unsuspected [1947];[WAC]
If Winter Comes [1947];[WAC]
Trail Street [1947];[WAC]
The Hucksters [1947];[WAC]
Cynthia [1947];[WAC]
Song of Love [1947];[WAC]
Cass Timberlane [1947];[WAC]
My Wild Irish Rose [1947];[WAC]
Living in a Big Way [1947];[WAC]
Merton of the Movies [1947];[WAC]
So You Want to Be a Salesman [1947];[WAC]
So You're Going on a Vacation [1947];[WAC]
The Unfinished Dance [1947];[WAC]
Stallion Road [1947];[WAC]
So Well Remembered [1947];[WAC]
Killer McCoy [1947];[WAC]
Good News [1947];[WAC]
The Romance of Rosy Ridge [1947];[WAC]
The Voice of the Turtle [1947];[WAC]
So You're Going to Be a Father [1947];[WAC]
So You Want to Be in Pictures [1947];[WAC]
So You Want to Hold Your Wife [1947];[WAC]
Green Dolphin Street [1947];[WAC]
My Brother Talks to Horses [1947];[WAC]
Night Song [1947];[WAC]
Beat the Band [1947];[WAC]
A Crime Does Not Pay Subject: The Luckiest Guy in the World [1947];[WAC]
That Hagen Girl [1947];[WAC]
Seven Keys to Baldpate [1947];[WAC]
Undercover Maisie [1947];[WAC]
Hard Boiled Mahoney [1947];[WAC]
Rainbow Over the Rockies [1947];[WAC]
Six-Gun Serenade [1947];[WAC]
Raiders of the South [1947];[WAC]
Cheyenne [1947];[WAC]
Kilroy Was Here [1947];[WAC]
Bodyguard [1948];[WAC]
The Search [1948];[WAC]
Johnny Belinda [1948];[WAC]
The Boy with Green Hair [1948];[WAC]
Berlin Express [1948];[WAC]
A Song Is Born [1948];[WAC]
Whiplash [1948];[WAC]
Every Girl Should Be Married [1948];[WAC]
Guns of Hate [1948];[WAC]
A Southern Yankee [1948];[WAC]
A Date with Judy [1948];[WAC]
Julia Misbehaves [1948];[WAC]
Fighter Squadron [1948];[WAC]
Luxury Liner [1948];[WAC]
Smart Woman [1948];[WAC]
One Sunday Afternoon [1948];[WAC]
So You Want to Be a Detective [1948];[WAC]
The Babe Ruth Story [1948];[WAC]
B.F.'s Daughter [1948];[WAC]
The Bride Goes Wild [1948];[WAC]
Kidnapped [1948];[WAC]
Return of the Bad Men [1948];[WAC]
Summer Holiday [1948];[WAC]
Homecoming [1948];[WAC]
The Dude Goes West [1948];[WAC]
So You Want an Apartment [1948];[WAC]
So You Want to Be a Gambler [1948];[WAC]
So You Want to Build a House [1948];[WAC]
So You Want to Be in Politics [1948];[WAC]
So You Want to Be on the Radio [1948];[WAC]
Indian Agent [1948];[WAC]
If You Knew Susie [1948];[WAC]
Command Decision [1948];[WAC]
Winter Meeting [1948];[WAC]
Mystery in Mexico [1948];[WAC]
Big City [1948];[WAC]
Smugglers' Cove [1948];[WAC]
Tenth Avenue Angel [1948];[WAC]
Three Daring Daughters [1948];[WAC]
Oklahoma Blues [1948];[WAC]
The Rangers Ride [1948];[WAC]
Angels' Alley [1948];[WAC]
Jinx Money [1948];[WAC]
Cowboy Cavalier [1948];[WAC]
Partners of the Sunset [1948];[WAC]
Silver Trails [1948];[WAC]
Range Renegades [1948];[WAC]
A Kiss in the Dark [1949];[WAC]
Intruder in the Dust [1949];[WAC]
The Woman on Pier 13 AKA I Married a Communist [1949];[WAC]
The Bowery Boys in Master Minds [1949];[WAC]
Colorado Territory [1949];[WAC]
Rustlers [1949];[WAC]
The House Across the Street [1949];[WAC]
The Window [1949];[WAC]
The Bribe [1949];[WAC]
Follow Me Quietly [1949];[WAC]
Red Light [1949];[WAC]
Night Unto Night [1949];[WAC]
John Loves Mary [1949];[WAC]
The Threat [1949];[WAC]
A Woman's Secret [1949];[WAC]
The Great Sinner [1949];[WAC]
Scene of the Crime [1949];[WAC]
A Dangerous Profession [1949];[WAC]
Tarzan's Magic Fountain [1949];[WAC]
The Girl from Jones Beach [1949];[WAC]
The Doctor and the Girl [1949];[WAC]
Conspirator [1949];[WAC]
Bomba, the Jungle Boy [1949];[WAC]
That Forsyte Woman [1949];[WAC]
The Secret Garden [1949];[WAC]
Any Number Can Play [1949];[WAC]
The Judge Steps Out [1949];[WAC]
Tale of the Navajos [1949];[WAC]
Look for the Silver Lining [1949];[WAC]
Malaya [1949];[WAC]
Task Force [1949];[WAC]
Hold That Baby! [1949];[WAC]
Fighting Fools [1949];[WAC]
Lost Boundaries [1949];[WAC]
The Sun Comes Up [1949];[WAC]
So You Want to Be a Baby Sitter [1949];[WAC]
So You Want to Be Popular [1949];[WAC]
So You Want to Be a Muscle Man [1949];[WAC]
So You're Having In-Law Trouble [1949];[WAC]
So You Want to Get Rich Quick [1949];[WAC]
So You Want to Be an Actor [1949];[WAC]
Brothers in the Saddle [1949];[WAC]
Stagecoach Kid [1949];[WAC]
Masked Raiders [1949];[WAC]
The Mysterious Desperado [1949];[WAC]
Edward, My Son [1949];[WAC]
The Red Danube [1949];[WAC]
Easy Living [1949];[WAC]
Bomba on Panther Island [1949];[WAC]
Stampede [1949];[WAC]
Massacre River [1949];[WAC]
Angels in Disguise [1949];[WAC]
Across the Rio Grande [1949];[WAC]
Brand of Fear [1949];[WAC]
Gun Law Justice [1949];[WAC]
Homicide [1949];[WAC]
The Wolf Hunters [1949];[WAC]
Watch the Birdie [1950];[WAC]
Barricade [1950];[WAC]
Stars in My Crown [1950];[WAC]
This Side of the Law [1950];[WAC]
The Underworld Story [1950];[WAC]
The Breaking Point [1950];[WAC]
Black Hand [1950];[WAC]
Born to Be Bad [1950];[WAC]
Bunco Squad [1950];[WAC]
A Lady Without Passport [1950];[WAC]
Destination Murder [1950];[WAC]
Caged [1950];[WAC]
Crisis [1950];[WAC]
Bomba and the Hidden City [1950];[WAC]
Highway 301 [1950];[WAC]
Devil's Doorway [1950];[WAC]
Walk Softly, Stranger [1950];[WAC]
Southside 1-1000 [1950];[WAC]
The Tattooed Stranger [1950];[WAC]
Tarzan and the Slave Girl [1950];[WAC]
Short Grass [1950];[WAC]
Branded [1950];[WAC]
Duchess of Idaho [1950];[WAC]
The Big Hangover [1950];[WAC]
Return of the Frontiersman [1950];[WAC]
The Happy Years [1950];[WAC]
Storm Over Wyoming [1950];[WAC]
Perfect Strangers [1950];[WAC]
Bright Leaf [1950];[WAC]
The Outriders [1950];[WAC]
The Reformer and the Redhead [1950];[WAC]
Pretty Baby [1950];[WAC]
Key to the City [1950];[WAC]
So You Think You're Not Guilty [1950];[WAC]
Experiment Alcatraz [1950];[WAC]
Breakthrough [1950];[WAC]
The Next Voice You Hear... [1950];[WAC]
Hot Rod [1950];[WAC]
The Fireball [1950];[WAC]
The Lost Volcano [1950];[WAC]
It's a Small World [1950];[WAC]
Kim [1950];[WAC]
The Magnificent Yankee [1950];[WAC]
Ambush [1950];[WAC]
Blues Busters [1950];[WAC]
Lucky Losers [1950];[WAC]
A Life of Her Own [1950];[WAC]
So You Want a Raise [1950];[WAC]
So You Want to Hold Your Husband [1950];[WAC]
So You Want to Move [1950];[WAC]
So You Want to Throw a Party [1950];[WAC]
So You're Going to Have an Operation [1950];[WAC]
Riders of the Range [1950];[WAC]
Chain Lightning [1950];[WAC]
The Daughter of Rosie O'Grady [1950];[WAC]
Border Treasure [1950];[WAC]
Right Cross [1950];[WAC]
The Miniver Story [1950];[WAC]
The Yellow Cab Man [1950];[WAC]
Law of the Panhandle [1950];[WAC]
Call of the Klondike [1950];[WAC]
Rider from Tucson [1950];[WAC]
Riding High [1950];[WAC]
Arizona Territory [1950];[WAC]
Silver Raiders [1950];[WAC]
Gunslingers [1950];[WAC]
Outlaw Gold [1950];[WAC]
Over the Border [1950];[WAC]
Rio Grande Patrol [1950];[WAC]
Snow Dog [1950];[WAC]
West of Wyoming [1950];[WAC]
Six Gun Mesa [1950];[WAC]
Roadblock [1951];[WAC]
Angels in the Outfield [1951];[WAC]
The Red Badge of Courage [1951];[WAC]
Lightning Strikes Twice [1951];[WAC]
The Tall Target [1951];[WAC]
A Millionaire for Christy [1951];[WAC]
The People Against O'Hara [1951];[WAC]
Tomorrow Is Another Day [1951];[WAC]
I Was a Communist for the FBI [1951];[WAC]
Hot Lead [1951];[WAC]
Westward the Women [1951];[WAC]
Best of the Badmen [1951];[WAC]
Painting the Clouds with Sunshine [1951];[WAC]
Along the Great Divide [1951];[WAC]
The Lion Hunters [1951];[WAC]
Across the Wide Missouri [1951];[WAC]
Tarzan's Peril [1951];[WAC]
Excuse My Dust [1951];[WAC]
Texas Carnival [1951];[WAC]
Goodbye, My Fancy [1951];[WAC]
Force of Arms [1951];[WAC]
My Forbidden Past [1951];[WAC]
Two Tickets to Broadway [1951];[WAC]
The Man with a Cloak [1951];[WAC]
It's a Big Country [1951];[WAC]
Hard, Fast and Beautiful [1951];[WAC]
Payment on Demand [1951];[WAC]
Bowery Battalion [1951];[WAC]
Ghost Chasers [1951];[WAC]
Inside the Walls of Folsom Prison [1951];[WAC]
So You Want to Be a Cowboy [1951];[WAC]
So You Want to Be a Handy Man [1951];[WAC]
So You Want to Be a Paper Hanger [1951];[WAC]
So You Want to Buy a Used Car [1951];[WAC]
So You Want to Be a Bachelor [1951];[WAC]
So You Want to Be a Plumber [1951];[WAC]
I Was an American Spy [1951];[WAC]
The Tanks Are Coming [1951];[WAC]
Rich, Young and Pretty [1951];[WAC]
Close to My Heart [1951];[WAC]
Crazy Over Horses [1951];[WAC]
Yukon Manhunt [1951];[WAC]
Northwest Territory [1951];[WAC]
Let's Go Navy! [1951];[WAC]
Elephant Stampede [1951];[WAC]
I'll See You in My Dreams [1951];[WAC]
Overland Telegraph [1951];[WAC]
Lawless Cowboys [1951];[WAC]
Whistling Hills [1951];[WAC]
Law of the Badlands [1951];[WAC]
Blazing Bullets [1951];[WAC]
Canyon Raiders [1951];[WAC]
Cavalry Scout [1951];[WAC]
Colorado Ambush [1951];[WAC]
Gunplay [1951];[WAC]
Man from Sonora [1951];[WAC]
Montana Desperado [1951];[WAC]
Oklahoma Justice [1951];[WAC]
Saddle Legion [1951];[WAC]
Stage to Blue River [1951];[WAC]
Texas Lawmen [1951];[WAC]
The Wild North [1952];[WAC]
The Las Vegas Story [1952];[WAC]
The Sellout [1952];[WAC]
Room for One More [1952];[WAC]
This Woman Is Dangerous [1952];[WAC]
Abbott and Costello Meet Captain Kidd [1952];[WAC]
The Hour of 13 [1952];[WAC]
Carbine Williams [1952];[WAC]
The Steel Trap [1952];[WAC]
Cattle Town [1952];[WAC]
The Iron Mistress [1952];[WAC]
Lone Star [1952];[WAC]
Carson City [1952];[WAC]
The Jazz Singer [1952];[WAC]
Love Is Better Than Ever [1952];[WAC]
Scaramouche [1952];[WAC]
African Treasure [1952];[WAC]
At Sword's Point AKA Sons of the Musketeers [1952];[WAC]
Desperate Search [1952];[WAC]
Rancho Notorious [1952];[WAC]
Skirts Ahoy! [1952];[WAC]
Hiawatha [1952];[WAC]
The Story of Will Rogers [1952];[WAC]
She's Working Her Way Through College [1952];[WAC]
No Holds Barred [1952];[WAC]
Operation Secret [1952];[WAC]
Mara Maru [1952];[WAC]
Chicago Calling [1952];[WAC]
Tarzan's Savage Fury [1952];[WAC]
Invitation [1952];[WAC]
Lovely to Look at [1952];[WAC]
Plymouth Adventure [1952];[WAC]
One Minute to Zero [1952];[WAC]
The Half-Breed [1952];[WAC]
Above and Beyond [1952];[WAC]
So You Never Tell a Lie [1952];[WAC]
So You Want to Enjoy Life [1952];[WAC]
So You Want to Get It Wholesale [1952];[WAC]
So You Want to Go to a Convention [1952];[WAC]
So You Want to Wear the Pants [1952];[WAC]
So You're Going to the Dentist [1952];[WAC]
My Man and I [1952];[WAC]
Bomba and the Jungle Girl [1952];[WAC]
Because You're Mine [1952];[WAC]
Battle Zone [1952];[WAC]
The Devil Makes Three [1952];[WAC]
Target [1952];[WAC]
Road Agent [1952];[WAC]
Fearless Fagan [1952];[WAC]
Yukon Gold [1952];[WAC]
Hold That Line [1952];[WAC]
Canyon Ambush [1952];[WAC]
Wild Stallion [1952];[WAC]
Fargo [1952];[WAC]
Feudin' Fools [1952];[WAC]
Fort Osage [1952];[WAC]
The Gunman [1952];[WAC]
Wyoming Roundup [1952];[WAC]
Man from the Black Hills [1952];[WAC]
Montana Incident [1952];[WAC]
Night Raiders [1952];[WAC]
Texas City [1952];[WAC]
Trail Guide [1952];[WAC]
Wagons West [1952];[WAC]
The Moonlighter [1953];[WAC]
The System [1953];[WAC]
Split Second [1953];[WAC]
Dream Wife [1953];[WAC]
Time Bomb AKA Terror on a Train [1953];[WAC]
Tarzan and the She-Devil [1953];[WAC]
Battle Circus [1953];[WAC]
Ride, Vaquero! [1953];[WAC]
She's Back on Broadway [1953];[WAC]
So You Want a Television Set [1953];[WAC]
The Affairs of Dobie Gillis [1953];[WAC]
The Story of Three Loves [1953];[WAC]
The Girl Who Had Everything [1953];[WAC]
All the Brothers Were Valiant [1953];[WAC]
I Love Melvin [1953];[WAC]
Give a Girl a Break [1953];[WAC]
The Eddie Cantor Story [1953];[WAC]
The Moon Is Blue [1953];[WAC]
The Beggar's Opera [1953];[WAC]
Three Sailors and a Girl [1953];[WAC]
Hot News [1953];[WAC]
Confidentially Connie [1953];[WAC]
The Sea Around Us [1953];[WAC]
The Master of Ballantrae [1953];[WAC]
Saadia [1953];[WAC]
Small Town Girl [1953];[WAC]
So This Is Love [1953];[WAC]
Young Bess [1953];[WAC]
Private Eyes [1953];[WAC]
So You Want to Be a Musician [1953];[WAC]
So You Want to Learn to Dance [1953];[WAC]
The Actress [1953];[WAC]
So You Love Your Dog [1953];[WAC]
So You Think You Can't Sleep [1953];[WAC]
So You Want to Be an Heir [1953];[WAC]
Lili [1953];[WAC]
Code Two [1953];[WAC]
Knights of the Round Table [1953];[WAC]
The Clown [1953];[WAC]
Half a Hero [1953];[WAC]
Bright Road [1953];[WAC]
Clipped Wings [1953];[WAC]
Loose in London [1953];[WAC]
Big Leaguer [1953];[WAC]
Fort Vengeance [1953];[WAC]
Never Let Me Go [1953];[WAC]
The Homesteaders [1953];[WAC]
The Marksman [1953];[WAC]
The Fighting Lawman [1953];[WAC]
Jalopy [1953];[WAC]
Safari Drums [1953];[WAC]
Susan Slept Here [1954];[WAC]
Loophole [1954];[WAC]
Rhapsody [1954];[WAC]
The Boy from Oklahoma [1954];[WAC]
The Last Time I Saw Paris [1954];[WAC]
The Naked Jungle [1954];[WAC]
The Silver Chalice [1954];[WAC]
Red Garters [1954];[WAC]
Executive Suite [1954];[WAC]
Rose Marie [1954];[WAC]
Athena [1954];[WAC]
Green Fire [1954];[WAC]
His Majesty O'Keefe [1954];[WAC]
King Richard and the Crusaders [1954];[WAC]
The Student Prince [1954];[WAC]
The Command [1954];[WAC]
Betrayed [1954];[WAC]
So You Want to Be a Banker [1954];[WAC]
So You Want to Be Your Own Boss [1954];[WAC]
So You Want to Go to a Night Club [1954];[WAC]
So You Want to Know Your Relatives [1954];[WAC]
So You're Having Neighbor Trouble [1954];[WAC]
So You're Taking in a Roomer [1954];[WAC]
The Bowery Boys Meet the Monsters [1954];[WAC]
Seagulls Over Sorrento AKA Crest of the Wave [1954];[WAC]
The Golden Idol [1954];[WAC]
The Great Diamond Robbery [1954];[WAC]
Duffy of San Quentin [1954];[WAC]
Paris Playboys [1954];[WAC]
Killer Leopard [1954];[WAC]
Wichita [1955];[WAC]
Bedevilled [1955];[WAC]
I Died a Thousand Times [1955];[WAC]
The Rose Tattoo [1955];[WAC]
Murder Is My Beat [1955];[WAC]
Sudden Danger [1955];[WAC]
Moonfleet [1955];[WAC]
Hit the Deck [1955];[WAC]
Land of the Pharaohs [1955];[WAC]
Lord of the Jungle [1955];[WAC]
Jupiter's Darling [1955];[WAC]
The McConnell Story [1955];[WAC]
Quentin Durward [1955];[WAC]
The Scarlet Coat [1955];[WAC]
The King's Thief [1955];[WAC]
The Cobweb [1955];[WAC]
Dial Red O [1955];[WAC]
Interrupted Melody [1955];[WAC]
So You Don't Trust Your Wife [1955];[WAC]
So You Want a Model Railroad [1955];[WAC]
So You Want to Be a Gladiator [1955];[WAC]
So You Want to Be a Policeman [1955];[WAC]
So You Want to Be a V.P. [1955];[WAC]
So You Want to Be on a Jury [1955];[WAC]
Tarzan's Hidden Jungle [1955];[WAC]
It's a Dog's Life [1955];[WAC]
The Glass Slipper [1955];[WAC]
High Society [1955];[WAC]
Sincerely Yours [1955];[WAC]
Dig That Uranium [1955];[WAC]
While the City Sleeps [1956];[WAC]
Beyond a Reasonable Doubt [1956];[WAC]
The Fastest Gun Alive [1956];[WAC]
Our Miss Brooks [1956];[WAC]
Anything Goes [1956];[WAC]
Death of a Scoundrel [1956];[WAC]
Julie [1956];[WAC]
Calling Homicide [1956];[WAC]
Tribute to a Bad Man [1956];[WAC]
The Last Hunt [1956];[WAC]
The Burning Hills [1956];[WAC]
Back from Eternity [1956];[WAC]
Santiago [1956];[WAC]
Diane [1956];[WAC]
Canyon River [1956];[WAC]
The Swan [1956];[WAC]
Hot Shots [1956];[WAC]
Bhowani Junction [1956];[WAC]
The Opposite Sex [1956];[WAC]
Bundle of Joy [1956];[WAC]
Meet Me in Las Vegas [1956];[WAC]
These Wilder Years [1956];[WAC]
The Catered Affair [1956];[WAC]
Tea and Sympathy [1956];[WAC]
The Animal World [1956];[WAC]
Serenade [1956];[WAC]
The First Texan [1956];[WAC]
The Rack [1956];[WAC]
Invitation to the Dance [1956];[WAC]
So You Think the Grass Is Greener [1956];[WAC]
So You Want to Be Pretty [1956];[WAC]
So You Want to Play the Piano [1956];[WAC]
So Your Wife Wants to Work [1956];[WAC]
Good-bye, My Lady [1956];[WAC]
The Great American Pastime [1956];[WAC]
Toward the Unknown [1956];[WAC]
The Power and the Prize [1956];[WAC]
Crashing Las Vegas [1956];[WAC]
Chain of Evidence [1957];[WAC]
The Cyclops [1957];[WAC]
Footsteps in the Night [1957];[WAC]
The Oklahoman [1957];[WAC]
The Story of Mankind [1957];[WAC]
The Traitor AKA The Accursed [1957];[WAC]
From Hell It Came [1957];[WAC]
Until They Sail [1957];[WAC]
Gun Glory [1957];[WAC]
The Disembodied [1957];[WAC]
Ten Thousand Bedrooms [1957];[WAC]
The Young Stranger [1957];[WAC]
Saint Joan [1957];[WAC]
Top Secret Affair [1957];[WAC]
Tarzan and the Lost Safari [1957];[WAC]
The D.I. [1957];[WAC]
The Rising of the Moon [1957];[WAC]
Arrivederci Roma AKA Seven Hills of Rome [1957];[WAC]
Untamed Youth [1957];[WAC]
Don't Go Near the Water [1957];[WAC]
This Could Be the Night [1957];[WAC]
Death in Small Doses [1957];[WAC]
Tip on a Dead Jockey [1957];[WAC]
The Happy Road [1957];[WAC]
Spook Chasers [1957];[WAC]
Looking for Danger [1957];[WAC]
Up in Smoke [1957];[WAC]
Attack of the 50 Foot Woman [1958];[WAC]
Party Girl [1958];[WAC]
The Badlanders [1958];[WAC]
Tom thumb [1958];[WAC]
The Sheepman [1958];[WAC]
Too Much, Too Soon [1958];[WAC]
Queen of Outer Space [1958];[WAC]
Macabre [1958];[WAC]
Merry Andrew [1958];[WAC]
Cry Terror! [1958];[WAC]
I Married a Monster from Outer Space [1958];[WAC]
The Brothers Karamazov [1958];[WAC]
Fort Dobbs [1958];[WAC]
Quantrill's Raiders [1958];[WAC]
The Matchmaker [1958];[WAC]
Man from God's Country [1958];[WAC]
Home Before Dark [1958];[WAC]
Darby's Rangers [1958];[WAC]
Andy Hardy Comes Home [1958];[WAC]
The Decks Ran Red [1958];[WAC]
Escadrille de Lafayette AKA Lafayette Escadrille [1958];[WAC]
Tarzan's Fight for Life [1958];[WAC]
Tarzan and the Trappers [1958];[WAC]
Cole Younger, Gunfighter [1958];[WAC]
Green Mansions [1959];[WAC]
Al Capone [1959];[WAC]
Westbound [1959];[WAC]
The World, the Flesh and the Devil [1959];[WAC]
Behemoth the Sea Monster AKA The Giant Behemoth [1959];[WAC]
Tarzan's Greatest Adventure [1959];[WAC]
The Scapegoat [1959];[WAC]
John Paul Jones [1959];[WAC]
The Mating Game [1959];[WAC]
The Journey [1959];[WAC]
It Started with a Kiss [1959];[WAC]
Verboten! [1959];[WAC]
The Purple Gang [1959];[WAC]
The Gazebo [1959];[WAC]
Crime & Punishment, USA [1959];[WAC]
Libel [1959];[WAC]
The Hanging Tree [1959];[WAC]
-30- [1959];[WAC]
Yellowstone Kelly [1959];[WAC]
The House of the Seven Hawks [1959];[WAC]
For the First Time [1959];[WAC]
The Big Circus [1959];[WAC]
King of the Wild Stallions [1959];[WAC]
The Rise and Fall of Legs Diamond [1960];[WAC]
Where the Boys Are [1960];[WAC]
Tarzan the Magnificent [1960];[WAC]
The Crowded Sky [1960];[WAC]
Girl of the Night [1960];[WAC]
Pay or Die [1960];[WAC]
The Hypnotic Eye [1960];[WAC]
Sex Kittens Go to College [1960];[WAC]
Tormented [1960];[WAC]
Ice Palace [1960];[WAC]
Sunrise at Campobello [1960];[WAC]
Tall Story [1960];[WAC]
The Plunderers [1960];[WAC]
Popeye the Sailor 1960s Collection Vol.1 [1960];[WAC]
The Honeymoon Machine [1961];[WAC]
Gold of the Seven Saints [1961];[WAC]
A Thunder of Drums [1961];[WAC]
Dondi [1961];[WAC]
Atlantis, the Lost Continent [1961];[WAC]
Operation Eichmann [1961];[WAC]
Invasion Quartet [1961];[WAC]
Bachelor in Paradise [1961];[WAC]
The Sins of Rachel Cade [1961];[WAC]
A Majority of One [1961];[WAC]
Twenty Plus Two [1961];[WAC]
All in a Night's Work [1961];[WAC]
The George Raft Story [1961];[WAC]
Angel Baby [1961];[WAC]
King of the Roaring 20's: The Story of Arnold Rothstein [1961];[WAC]
Bridge to the Sun [1961];[WAC]
Ada [1961];[WAC]
I tartari [1961];[WAC]
The Treasure of Monte Cristo AKA The Secret of Monte Cristo [1961];[WAC]
The Loneliness of the Long Distance Runner [1962];[WAC]
Gypsy [1962];[WAC]
Confessions of an Opium Eater [1962];[WAC]
The Couch [1962];[WAC]
All Fall Down [1962];[WAC]
Period of Adjustment [1962];[WAC]
Tarzan Goes to India [1962];[WAC]
Boys' Night Out [1962];[WAC]
Il dominatore dei sette mari AKA Seven Seas to Calais [1962];[WAC]
Convicts 4 [1962];[WAC]
Two Weeks in Another Town [1962];[WAC]
Hands of a Stranger [1962];[WAC]
Light in the Piazza [1962];[WAC]
The Chapman Report [1962];[WAC]
Term of Trial [1962];[WAC]
House of Women [1962];[WAC]
Hitler [1962];[WAC]
The Horizontal Lieutenant [1962];[WAC]
Il figlio di Spartacus AKA The Slave [1962];[WAC]
I Thank a Fool [1962];[WAC]
The Four Horsemen of the Apocalypse [1962];[WAC]
Black Gold [1962];[WAC]
Il tiranno di Siracusa AKA Damon and Pythias [1962];[WAC]
La congiura dei dieci AKA Swordsman of Siena [1962];[WAC]
Rider on a Dead Horse [1962];[WAC]
Ma geisha AKA My Geisha [1962];[WAC]
The Prize [1963];[WAC]
Captain Sindbad [1963];[WAC]
Cattle King [1963];[WAC]
PT 109 [1963];[WAC]
In the Cool of the Day [1963];[WAC]
Tarzan's Three Challenges [1963];[WAC]
The Wheeler Dealers [1963];[WAC]
Island of Love [1963];[WAC]
Sunday in New York [1963];[WAC]
The Courtship of Eddie's Father [1963];[WAC]
Oro per i Cesari AKA Gold for the Caesars [1963];[WAC]
Sandokan, la tigre di Mompracem AKA Sandokan the Great [1963];[WAC]
Rampage [1963];[WAC]
Gunfight at Comanche Creek [1963];[WAC]
Soldier in the Rain [1963];[WAC]
Black Zoo [1963];[WAC]
Mary, Mary [1963];[WAC]
The Man from Galveston [1963];[WAC]
Ercole sfida Sansone AKA Hercules, Samson & Ulysses [1963];[WAC]
The Gun Hawk [1963];[WAC]
Follow the Boys [1963];[WAC]
El valle de las espadas AKA The Castilian [1963];[WAC]
Opération F.B.I à Cap Canavéral AKA FBI Code 98 [1963];[WAC]
Drums of Africa [1963];[WAC]
7 Faces of Dr. Lao [1964];[WAC]
A Distant Trumpet [1964];[WAC]
Lady in a Cage [1964];[WAC]
The Unsinkable Molly Brown [1964];[WAC]
Dear Heart [1964];[WAC]
Your Cheatin' Heart [1964];[WAC]
Advance to the Rear [1964];[WAC]
Kisses for My President [1964];[WAC]
Ensign Pulver [1964];[WAC]
The Americanization of Emily [1964];[WAC]
Mail Order Bride [1964];[WAC]
Coast of Skeletons [1964];[WAC]
Looking for Love [1964];[WAC]
Der Nußknacker AKA The Nutcracker [1964];[WAC]
Youngblood Hawke [1964];[WAC]
Ten Little Indians [1965];[WAC]
The Rounders [1965];[WAC]
I criminali della galassia AKA Wild, Wild Planet [1965];[WAC]
Hysteria [1965];[WAC]
Two on a Guillotine [1965];[WAC]
Brainstorm [1965];[WAC]
The Money Trap [1965];[WAC]
The Loved One [1965];[WAC]
She [1965];[WAC]
Never Too Late [1965];[WAC]
The Face of Fu Manchu [1965];[WAC]
The Liquidator [1965];[WAC]
The Family Jewels [1965];[WAC]
My Blood Runs Cold [1965];[WAC]
Clarence, the Cross-Eyed Lion [1965];[WAC]
Twenty-Four Hours to Kill [1965];[WAC]
Young Cassidy [1965];[WAC]
Lady L [1965];[WAC]
Catch Us If You Can AKA Having a Wild Weekend [1965];[WAC]
When the Boys Meet the Girls [1965];[WAC]
The Third Day [1965];[WAC]
A Big Hand for the Little Lady [1966];[WAC]
Not with My Wife, You Don't! [1966];[WAC]
Eye of the Devil [1966];[WAC]
L'espion aka The Defector [1966];[WAC]
Kaleidoscope [1966];[WAC]
Once Before I Die [1966];[WAC]
I diafanoidi vengono da Marte AKA The War of the Planets [1966];[WAC]
Tarzan and the Valley of Gold [1966];[WAC]
Hold On! [1966];[WAC]
You're a Big Boy Now [1966];[WAC]
Any Wednesday [1966];[WAC]
Made in Paris [1966];[WAC]
Maya [1966];[WAC]
This Property Is Condemned [1966];[WAC]
The Singing Nun [1966];[WAC]
Triple Cross [1966];[WAC]
Mister Buddwing [1966];[WAC]
Around the World Under the Sea [1966];[WAC]
An American Dream [1966];[WAC]
Dr. Kildare [1966];[WAC]
The Fastest Guitar Alive [1967];[WAC]
The Sorcerers [1967];[WAC]
The Frozen Dead [1967];[WAC]
Don't Make Waves [1967];[WAC]
La morte viene dal pianeta Aytin AKA The Snow Devils [1967];[WAC]
The Fox [1967];[WAC]
Tarzan and the Great River [1967];[WAC]
Odio per odio AKA Hate for Hate [1967];[WAC]
The Bobo [1967];[WAC]
The Venetian Affair [1967];[WAC]
The Last Challenge [1967];[WAC]
The Vengeance of Fu Manchu [1967];[WAC]
The Double Man [1967];[WAC]
Chubasco [1967];[WAC]
First to Fight [1967];[WAC]
Return of the Gunfighter [1967];[WAC]
A Covenant with Death [1967];[WAC]
Hotel [1967];[WAC]
The Cool Ones [1967];[WAC]
C'era una volta... AKA More Than a Miracle [1967];[WAC]
Welcome to Hard Times [1967];[WAC]
Targets [1968];[WAC]
The Heart Is a Lonely Hunter [1968];[WAC]
The Sea Gull [1968];[WAC]
Bye Bye Braverman [1968];[WAC]
Ganm? Daisan G?: Uch? Daisakusen AKA The Green Slime AKA Gamma 3: Operation Outer Space [1968];[WAC]
Sweet November [1968];[WAC]
Tarzan and the Jungle Boy [1968];[WAC]
The Brotherhood [1968];[WAC]
Las Vegas, 500 millones AKA They Came to Rob Las Vegas [1968];[WAC]
The Split [1968];[WAC]
Day of the Evil Gun [1968];[WAC]
Hot Millions [1968];[WAC]
Countdown [1967];[WAC]
The Impossible Years [1968];[WAC]
The Legend of Lylah Clare [1968];[WAC]
The Mercenaries AKA Dark of the Sun [1968];[WAC]
The Power [1968];[WAC]
The Sergeant [1968];[WAC]
Kona Coast [1968];[WAC]
The Rise and Fall of the Third Reich [1968];[WAC]
How Sweet It Is! [1968];[WAC]
I bastardi AKA The Bastard [1968];[WAC]
Assignment to Kill [1968];[WAC]
The Subject Was Roses [1968];[WAC]
The Biggest Bundle of Them All [1968];[WAC]
Mrs. Brown, You've Got a Lovely Daughter [1968];[WAC]
Marlowe [1969];[WAC]
The Valley of Gwangi [1969];[WAC]
The Illustrated Man [1969];[WAC]
The Learning Tree [1969];[WAC]
Captain Nemo and the Underwater City [1969];[WAC]
Un esercito di cinque uomini AKA The Five Man Army [1969];[WAC]
Moon Zero Two [1969];[WAC]
Heaven with a Gun [1969];[WAC]
Once You Kiss a Stranger... [1969];[WAC]
Flareup [1969];[WAC]
The Adventurers [1969];[WAC]
Daddy's Gone A-Hunting [1969];[WAC]
The Rain People [1969];[WAC]
The Madwoman of Chaillot [1969];[WAC]
Hello Down There [1969];[WAC]
A Dream of Kings [1969];[WAC]
The Reckoning [1969];[WAC]
Kenner [1969];[WAC]
The Picasso Summer [1969];[WAC]
Performance [1970];[WAC]
Start the Revolution Without Me [1970];[WAC]
The Phantom Tollbooth [1970];[WAC]
The Molly Maguires [1970];[WAC]
No Blade of Grass [1970];[WAC]
Flap [1970];[WAC]
Alex in Wonderland [1970];[WAC]
Last of the Mobile Hot Shots [1970];[WAC]
Rabbit, Run [1970];[WAC]
The Baby Maker [1970];[WAC]
El Condor [1970];[WAC]
Crescendo [1970];[WAC]
Adam's Woman [1970];[WAC]
Dirty Dingus Magee [1970];[WAC]
Brewster McCloud [1970];[WAC]
Which Way to the Front? [1970];[WAC]
The Rise and Rise of Michael Rimmer [1970];[WAC]
The Grasshopper [1970];[WAC]
The Walking Stick [1970];[WAC]
Trog [1970];[WAC]
...tick...tick...tick... [1970];[WAC]
The Phynx [1970];[WAC]
The Strawberry Statement [1970];[WAC]
The Traveling Executioner [1970];[WAC]
Zig Zag [1970];[WAC]
On a Clear Day You Can See Forever [1970];[WAC]
Get Carter [1971];[WAC]
Villain [1971];[WAC]
Let's Scare Jessica to Death [1971];[WAC]
Dusty and Sweets McGee [1971];[WAC]
Pretty Maids All in a Row [1971];[WAC]
Summer of '42 [1971];[WAC]
Skin Game [1971];[WAC]
Earth II [1971];[WAC]
Wild Rovers [1971];[WAC]
Chandler [1971];[WAC]
The Night Digger [1971];[WAC]
The Boy Friend [1971];[WAC]
The Last Run [1971];[WAC]
City Beneath the Sea [1971];[WAC]
La moglie del prete AKA The Priest's Wife [1971];[WAC]
Zeppelin [1971];[WAC]
Going Home [1971];[WAC]
Treasure Island [1972];[WAC]
Night of the Lepus [1972];[WAC]
The Doberman Gang [1972];[WAC]
The Life and Times of Judge Roy Bean [1972];[WAC]
They Only Kill Their Masters [1972];[WAC]
Get to Know Your Rabbit [1972];[WAC]
Hit Man [1972];[WAC]
Savage Messiah [1972];[WAC]
Portnoy's Complaint [1972];[WAC]
Rage [1972];[WAC]
Dealing: Or the Berkeley-to-Boston Forty-Brick Lost-Bag Blues [1972];[WAC]
Cool Breeze [1972];[WAC]
Kansas City Bomber [1972];[WAC]
Travels with My Aunt [1972];[WAC]
Fratello sole, sorella luna AKA Brother Sun, Sister Moon [1972];[WAC]
Sitting Target [1972];[WAC]
Hardcase [1972];[WAC]
The Carey Treatment [1972];[WAC]
The Eyes of Charles Sand [1972];[WAC]
The Wrath of God [1972];[WAC]
The Courtship of Eddie's Father [1972];[WAC]
Don't Be Afraid of the Dark [1973];[WAC]
From Beyond the Grave [1973];[WAC]
The Last of Sheila [1973];[WAC]
Slither [1973];[WAC]
The Outfit [1973];[WAC]
Genesis II [1973];[WAC]
The Man Who Loved Cat Dancing [1973];[WAC]
Dying Room Only [1973];[WAC]
Night Watch [1973];[WAC]
Cry Rape [1973];[WAC]
Jonathan Livingston Seagull [1973];[WAC]
The Slams [1973];[WAC]
The Hideaways [1973];[WAC]
The Daring Dobermans [1973];[WAC]
Deliver Us from Evil [1973];[WAC]
The All-American Boy [1973];[WAC]
Inch High, Private Eye [1973];[WAC]
The Third Girl from the Left [1973];[WAC]
Frankenstein and the Monster from Hell [1974];[WAC]
The Terminal Man [1974];[WAC]
Animals Are Beautiful People [1974];[WAC]
Bad Ronald [1974];[WAC]
The Stranger Within [1974];[WAC]
The Abdication [1974];[WAC]
Planet Earth [1974];[WAC]
The Super Cops [1974];[WAC]
Wonder Woman [1974];[WAC]
Winter Kill [1974];[WAC]
The White Dawn [1974];[WAC]
Freebie and the Bean [1974];[WAC]
Black Eye [1974];[WAC]
Smile Jenny, You're Dead [1974];[WAC]
Zandy's Bride [1974];[WAC]
Our Time [1974];[WAC]
The Phantom of Hollywood [1974];[WAC]
Nightmare Honeymoon [1974];[WAC]
The F.B.I. [1974];[WAC]
Sidekicks [1974];[WAC]
The Sunshine Boys [1975];[WAC]
Lisztomania [1975];[WAC]
Cleopatra Jones and the Casino of Gold [1975];[WAC]
Doc Savage: The Man of Bronze [1975];[WAC]
The Deadly Tower [1975];[WAC]
The Spiral Staircase [1975];[WAC]
Lepke [1975];[WAC]
Inside Out [1975];[WAC]
Whiffs [1975];[WAC]
Hearts of the West [1975];[WAC]
Search for the Gods [1975];[WAC]
The Wind and the Lion [1975];[WAC]
Operation: Daybreak [1975];[WAC]
Mr. Ricco [1975];[WAC]
Strange New World [1975];[WAC]
Babe [1975];[WAC]
Mitchell [1975];[WAC]
Sweet Hostage [1975];[WAC]
Bugs Bunny Superstar [1975];[WAC]
Death Among Friends [1975];[WAC]
The Big Bus [1976];[WAC]
The Sell Out AKA The Sell-Out [1976];[WAC]
Victory at Entebbe [1976];[WAC]
The Ritz [1976];[WAC]
Mayday at 40,000 Feet! [1976];[WAC]
Lifeguard [1976];[WAC]
Flood! [1976];[WAC]
I Will... I Will... For Now [1976];[WAC]
Sweet Revenge [1976];[WAC]
Demon Seed [1977];[WAC]
Nestor, the Long-Eared Christmas Donkey [1977];[WAC]
A Flintstone Christmas [1977];[WAC]
The Gathering [1977];[WAC]
The Squeeze [1977];[WAC]
The Last Dinosaur [1977];[WAC]
Deadly Game [1977];[WAC]
Fire! [1977];[WAC]
One on One [1977];[WAC]
The Pack [1977];[WAC]
The Possessed [1977];[WAC]
Shazam! [1977];[WAC]
The Girl in the Empty Grave [1977];[WAC]
Outlaw Blues [1977];[WAC]
Girlfriends [1978];[WAC]
The Bermuda Depths [1978];[WAC]
Fingers [1978];[WAC]
La fine del mondo nel nostro solito letto in una notte piena di pioggia AKA A Night Full of Rain [1978];[WAC]
Corvette Summer [1978];[WAC]
An Enemy of the People [1978];[WAC]
Who Is Killing the Great Chefs of Europe? [1978];[WAC]
Bloodbrothers [1978];[WAC]
The Return of Captain Nemo AKA The Amazing Captain Nemo [1978];[WAC]
Brass Target [1978];[WAC]
Zuma Beach [1978];[WAC]
The Beasts Are on the Streets [1978];[WAC]
The Awakening Land [1978];[WAC]
Pearl [1978];[WAC]
Voices [1979];[WAC]
Americathon [1979];[WAC]
Boulevard Nights [1979];[WAC]
The Fish That Saved Pittsburgh [1979];[WAC]
The Great Santini [1979];[WAC]
Agatha [1979];[WAC]
Beyond the Poseidon Adventure [1979];[WAC]
Hanging by a Thread [1979];[WAC]
Avalanche Express [1979];[WAC]
Dummy [1979];[WAC]
The Human Factor [1979];[WAC]
Promises in the Dark [1979];[WAC]
The French Atlantic Affair [1979];[WAC]
Champions: A Love Story [1979];[WAC]
Friendships, Secrets and Lies [1979];[WAC]
You Can't Take It with You [1979];[WAC]
The Fiendish Plot of Dr. Fu Manchu [1980];[WAC]
Yogi's First Christmas [1980];[WAC]
Cruising [1980];[WAC]
One Trick Pony [1980];[WAC]
The Awakening [1980];[WAC]
Hide in Plain Sight [1980];[WAC]
Carny [1980];[WAC]
Gilda Live [1980];[WAC]
Die Laughing [1980];[WAC]
Heart Beat [1980];[WAC]
Simon [1980];[WAC]
Just Tell Me What You Want [1980];[WAC]
Belle Starr [1980];[WAC]
Scruples [1980];[WAC]
First Family [1980];[WAC]
Haywire [1980];[WAC]
Night School aka Terror Eyes [1981];[WAC]
Urgh! A Music War [1981];[WAC]
So Fine [1981];[WAC]
Pennies from Heaven [1981];[WAC]
Death of a Centerfold: The Dorothy Stratten Story [1981];[WAC]
S.O.B. [1981];[WAC]
Under the Rainbow [1981];[WAC]
Sphinx [1981];[WAC]
Angel Dusted [1981];[WAC]
...All the Marbles [1981];[WAC]
The Children Nobody Wanted [1981];[WAC]
First Monday in October [1981];[WAC]
Killjoy AKA Who Murdered Joy Morgan [1981];[WAC]
Second-Hand Hearts [1981];[WAC]
Deathtrap [1982];[WAC]
The World According to Garp [1982];[WAC]
The Year of Living Dangerously [1982];[WAC]
The Flight of Dragons [1982];[WAC]
Personal Best [1982];[WAC]
Victor Victoria [1982];[WAC]
Hey Good Lookin' [1982];[WAC]
Endangered Species [1982];[WAC]
Heidi's Song [1982];[WAC]
Fast-Walking [1982];[WAC]
Love & Money [1982];[WAC]
Love Child [1982];[WAC]
Yes, Giorgio [1982];[WAC]
Desperate Lives [1982];[WAC]
Divorce Wars: A Love Story [1982];[WAC]
One Shoe Makes It Murder [1982];[WAC]
World War III [1982];[WAC]
Smorgasbord AKA Cracking Up [1983];[WAC]
The Night the Bridge Fell Down [1983];[WAC]
Cave In! [1983];[WAC]
Special Bulletin [1983];[WAC]
A Killer in the Family [1983];[WAC]
Razorback [1984];[WAC]
Greystoke: The Legend of Tarzan, Lord of the Apes [1984];[WAC]
Reckless [1984];[WAC]
The Little Drummer Girl [1984];[WAC]
Purple Hearts [1984];[WAC]
Mike's Murder [1984];[WAC]
Oxford Blues [1984];[WAC]
Just the Way You Are [1984];[WAC]
Lace [1984];[WAC]
The Sky's No Limit [1984];[WAC]
Cars: Heartbeat City [1984];[WAC]
Seven Minutes in Heaven [1985];[WAC]
Vision Quest [1985];[WAC]
The Life & Adventures of Santa Claus [1985];[WAC]
Code Name: Emerald [1985];[WAC]
The Bad Seed [1985];[WAC]
A Death in California [1985];[WAC]
The Beniker Gang [1985];[WAC]
Hostage Flight [1985];[WAC]
Promises to Keep [1985];[WAC]
Children of the Night [1985];[WAC]
Marie [1985];[WAC]
Lace II [1985];[WAC]
Between the Darkness and the Dawn [1985];[WAC]
Gung Ho [1986];[WAC]
The Boy Who Could Fly [1986];[WAC]
Wise Guys [1986];[WAC]
Wisdom [1986];[WAC]
Club Med [1986];[WAC]
The Deliberate Stranger [1986];[WAC]
Dream Lover [1986];[WAC]
Killer Party [1986];[WAC]
Dress Gray [1986];[WAC]
Blood & Orchids [1986];[WAC]
Promise [1986];[WAC]
Un homme et une femme, 20 ans déjà AKA A Man and a Woman: 20 Years Later [1986];[WAC]
Kung Fu: The Movie [1986];[WAC]
American Anthem [1986];[WAC]
Dream West [1986];[WAC]
Centurions: Power X Treme [1986];[WAC]
A Return to Salem's Lot [1987];[WAC]
The Jetsons Meet the Flintstones [1987];[WAC]
Made in Heaven [1987];[WAC]
The Fourth Protocol [1987];[WAC]
Back to the Beach [1987];[WAC]
Disorderlies [1987];[WAC]
Big Shots [1987];[WAC]
The Spirit [1987];[WAC]
Love Among Thieves [1987];[WAC]
Lionheart AKA Lionheart: The Children's Crusade [1987];[WAC]
My Demon Lover [1987];[WAC]
The Two Mrs. Grenvilles [1987];[WAC]
Napoleon and Josephine: A Love Story [1987];[WAC]
Top Cat and the Beverly Hills Cats [1987];[WAC]
Yogi Bear and the Magical Flight of the Spruce Goose [1987];[WAC]
Roses Are for the Rich [1987];[WAC]
Nutcracker: Money, Madness & Murder [1987];[WAC]
Yogi's Great Escape [1987];[WAC]
Jack the Ripper [1988];[WAC]
The Good, the Bad, and Huckleberry Hound [1988];[WAC]
Hot to Trot [1988];[WAC]
Rockin' with Judy Jetson [1988];[WAC]
Yogi & the Invasion of the Space Bears [1988];[WAC]
Penn & Teller Get Killed [1989];[WAC]
Shirley Valentine [1989];[WAC]
Second Sight [1989];[WAC]
Skin Deep [1989];[WAC]
See You in the Morning [1989];[WAC]
Dinner at Eight [1989];[WAC]
Yume AKA Dreams [1990];[WAC]
Nightbreed [1990];[WAC]
The Secret Life of Ian Fleming [1990];[WAC]
Impulse [1990];[WAC]
The Lost Capone [1990];[WAC]
The Rose and the Jackal [1990];[WAC]
Orpheus Descending [1990];[WAC]
The Lost Stooges [1990];[WAC]
Other People's Money [1991];[WAC]
Dogfight [1991];[WAC]
Rover Dangerfield [1991];[WAC]
Meeting Venus [1991];[WAC]
Young Catherine [1991];[WAC]
Duel of Hearts [1991];[WAC]
Crazy from the Heart [1991];[WAC]
Final Verdict [1991];[WAC]
Never Forget [1991];[WAC]
Class Act [1992];[WAC]
Freejack [1992];[WAC]
The Power of One [1992];[WAC]
Damage [1992];[WAC]
Hurricane Smith [1992];[WAC]
Miracle in the Wilderness [1992];[WAC]
Frankenstein [1992];[WAC]
A Killer Among Friends [1992];[WAC]
Revolver [1992];[WAC]
Arizona Dream [1993];[WAC]
Airborne [1993];[WAC]
Fire in the Sky [1993];[WAC]
The Halloween Tree [1993];[WAC]
A Flintstone Family Christmas [1993];[WAC]
The Saint of Fort Washington [1993];[WAC]
Fatal Deception: Mrs. Lee Harvey Oswald [1993];[WAC]
Heart of Darkness [1993];[WAC]
Black Widow Murders: The Blanche Taylor Moore Story [1993];[WAC]
Jonny's Golden Quest [1993];[WAC]
A Life in the Theater [1993];[WAC]
Liaisons étrangères [1993];[WAC]
The Portrait [1993];[WAC]
Barcelona [1994];[WAC]
A Flintstones Christmas Carol [1994];[WAC]
Being Human [1994];[WAC]
War of the Buttons [1994];[WAC]
Love Affair [1994];[WAC]
Amelia Earhart: The Final Flight [1994];[WAC]
Second Best [1994];[WAC]
The Cisco Kid [1994];[WAC]
Othello [1995];[WAC]
Angus [1995];[WAC]
Stuart Saves His Family [1995];[WAC]
A Midwinter's Tale AKA In the Bleak Midwinter [1995];[WAC]
Broken Trust [1995];[WAC]
The Good Old Boys [1995];[WAC]
The Stars Fell on Henrietta [1995];[WAC]
The Avenging Angel [1995];[WAC]
The Heidi Chronicles [1995];[WAC]
Jonny Quest Versus the Cyber Insects [1995];[WAC]
Carpool [1996];[WAC]
The Evening Star [1996];[WAC]
Some Mother's Son [1996];[WAC]
The Spitfire Grill [1996];[WAC]
The Flintstones Christmas in Bedrock [1996];[WAC]
The Man Who Captured Eichmann [1996];[WAC]
Riders of the Purple Sage [1996];[WAC]
Gummo [1997];[WAC]
Anna Karenina [1997];[WAC]
Trojan War [1997];[WAC]
Steel [1997];[WAC]
The Hunchback [1997];[WAC]
The Beautician and the Beast [1997];[WAC]
Zero Effect [1998];[WAC]
Dollar for the Dead [1998];[WAC]
Houdini [1998];[WAC]
The Day Lincoln Was Shot [1988];[WAC]
The Souler Opposite [1998];[WAC]
Two for Texas [1998];[WAC]
CHiPs '99 [1998];[WAC]
The Hunley [1999];[WAC]
The Dish [2000];[WAC]
Into the Arms of Strangers: Stories of the Kindertransport [2000];[WAC]
The Growing Pains Movie [2000];[WAC]
The Virginian [2000];[WAC]
Baby [2000];[WAC]
Growing Pains: Return of the Seavers [2004];[WAC]
The Hard Easy [2006];[WAC]
Chacun son cinéma AKA To Each His Own Cinema [2007];[WAC]
One Thousand Pictures: RFK's Last Journey [2010];[WAC]
Mann V. Ford [2010];[WAC]
Citizen U.S.A.: A 50 State Road Trip [2011];[WAC]
Journey Into Dyslexia [2011];[WAC]
Saving Pelican 895 [2011];[WAC]
Triangle: Remembering the Fire [2011];[WAC]
Koran by Heart [2011];[WAC]
Love Crimes of Kabul [2011];[WAC]
There Is Something Wrong with Aunt Diane [2011];[WAC]
Wildcat Bus [1940];[WAC]
Blackwell's Island [1939];[WAC]
