3 A.M. [1975];[Unsimulated Sex]
8MM 2 [2005];[Unsimulated Sex]
9 Songs [2004];[Unsimulated Sex]
A Bruta Flor do Querer [2016];[Unsimulated Sex]
A Thought of Ecstasy [2017];[Unsimulated Sex]
Ai Hen Lan [2012];[Unsimulated Sex]
Love Actually... Sucks! [2012];[Unsimulated Sex]
Ai no korîda [1976];[Unsimulated Sex]
In The Realm of the Senses [1976];[Unsimulated Sex]
Alice in Wonderland: An X-Rated Musical Fantasy [1976];[Unsimulated Sex]
All About Anna [2005];[Unsimulated Sex]
Amateur Porn Star Killer 2 [2008];[Unsimulated Sex]
Ana, mon amour [2017];[Unsimulated Sex]
Ana, My Love [2017];[Unsimulated Sex]
Anatomie de l'enfer [2004];[Unsimulated Sex]
Anatomy of Hell [2004];[Unsimulated Sex]
Antares [2004];[Unsimulated Sex]
Antichrist [2009];[Unsimulated Sex]
Auftauchen [2006];[Unsimulated Sex]
Año bisiesto [2010];[Unsimulated Sex]
Leap Year [2010];[Unsimulated Sex]
Baise-moi [2000];[Unsimulated Sex]
Fuck Me [2000];[Unsimulated Sex]
Batalla en el Cielo [2005];[Unsimulated Sex]
Battle in Heaven [2005];[Unsimulated Sex]
Bedways [2010];[Unsimulated Sex]
Behind the Green Door [1972];[Unsimulated Sex]
Caged [2011];[Unsimulated Sex]
Caligula [1979];[Unsimulated Sex]
Catch Your Dreams [1983];[Unsimulated Sex]
Chroniques sexuelles d'une famille d'aujourd'hui [2012];[Unsimulated Sex]
Sexual Chronicles of a French Family [2012];[Unsimulated Sex]
Clip [2012];[Unsimulated Sex]
Klip [2012];[Unsimulated Sex]
Cosi fan tutte [1992];[Unsimulated Sex]
All Ladies Do It [1992];[Unsimulated Sex]
Cruising [1980];[Unsimulated Sex]
DAU. Degeneratsiya [2020];[Unsimulated Sex]
DAU. Katya Tanya [2020];[Unsimulated Sex]
DAU. New Man [2020];[Unsimulated Sex]
Das Bildnis Der Doriana Gray [1976];[Unsimulated Sex]
Die Marquise De Sade [1976];[Unsimulated Sex]
Das Stundenhotel von St. Pauli [1970];[Unsimulated Sex]
Hotel by the Hour [1970];[Unsimulated Sex]
Debbie Does Dallas [1978];[Unsimulated Sex]
Deep Throat [1972];[Unsimulated Sex]
Der Geschmack von Leben [2017];[Unsimulated Sex]
Taste of Life [2017];[Unsimulated Sex]
Der heiße Tod [1969];[Unsimulated Sex]
Island of Despair [1969];[Unsimulated Sex]
99 Women [1969];[Unsimulated Sex]
Der må være en sengekant! [1975];[Unsimulated Sex]
Come to My Bedside [1975];[Unsimulated Sex]
Des jours plus belles que la nuit [2009];[Unsimulated Sex]
Skin. Like. Sun. [2009];[Unsimulated Sex]
Diavolo in corpo [1986];[Unsimulated Sex]
Devil in the Flesh [1986];[Unsimulated Sex]
Die Nichten der Frau Oberst [1980];[Unsimulated Sex]
Secrets of a French Maid [1980];[Unsimulated Sex]
Diet of Sex [2014];[Unsimulated Sex]
Dom kallar oss mods [1968];[Unsimulated Sex]
They Call Us Misfits [1968];[Unsimulated Sex]
Drakkar [2015];[Unsimulated Sex]
Dronningen [2019];[Unsimulated Sex]
Queen of Hearts [2019];[Unsimulated Sex]
E la chiamano estate [2012];[Unsimulated Sex]
And They Call It Summer [2012];[Unsimulated Sex]
El Búfalo de la Noche [2007];[Unsimulated Sex]
The Night Buffalo [2007];[Unsimulated Sex]
El mirón y la exhibicionista [1986];[Unsimulated Sex]
El topo [1970];[Unsimulated Sex]
The Mole [1970];[Unsimulated Sex]
Elenore Makes Love [2014];[Unsimulated Sex]
Enter the Void [2009];[Unsimulated Sex]
Ett hål i mitt hjärta [2004];[Unsimulated Sex]
A Hole in My Heart [2004];[Unsimulated Sex]
Ex Drummer [2007];[Unsimulated Sex]
Fiona [1998];[Unsimulated Sex]
Gandu [2010];[Unsimulated Sex]
Georges Bataille's Story of the Eye [2003];[Unsimulated Sex]
Giulia [1999];[Unsimulated Sex]
Julia [1999];[Unsimulated Sex]
Guardami [1999];[Unsimulated Sex]
Histoires de sexe(s) [2009];[Unsimulated Sex]
Sex Stories [2009];[Unsimulated Sex]
Hotel Desire [2011];[Unsimulated Sex]
Human Zoo [2009];[Unsimulated Sex]
Hundstage [2001];[Unsimulated Sex]
Dog Days [2001];[Unsimulated Sex]
Idioterne [1998];[Unsimulated Sex]
The Idiots [1998];[Unsimulated Sex]
Dogme #2 [1998];[Unsimulated Sex]
Immagini di un convento [1979];[Unsimulated Sex]
Images in a Convent [1979];[Unsimulated Sex]
Import/Export [2007];[Unsimulated Sex]
Inside Deep Throat [2005];[Unsimulated Sex]
Interno di un convento [1978];[Unsimulated Sex]
Behind Convent Walls [1978];[Unsimulated Sex]
Intimacy [2001];[Unsimulated Sex]
Irréversible [2002];[Unsimulated Sex]
Jezus is een Palestijn [1999];[Unsimulated Sex]
Jesus Is a Palestinian [1999];[Unsimulated Sex]
Joven y alocada [2012];[Unsimulated Sex]
Young and Wild [2012];[Unsimulated Sex]
Ken Park [2002];[Unsimulated Sex]
Kynodontas [2009];[Unsimulated Sex]
Dogtooth [2009];[Unsimulated Sex]
Kärlekens språk 2000 [2004];[Unsimulated Sex]
L'histoire de Richard O. [2007];[Unsimulated Sex]
The Story of Richard O [2007];[Unsimulated Sex]
L'inconnu du lac [2013];[Unsimulated Sex]
Stranger by the Lake [2013];[Unsimulated Sex]
La donna lupo [1999];[Unsimulated Sex]
La fille seule [1995];[Unsimulated Sex]
A Single Girl [1995];[Unsimulated Sex]
La novia de Lázaro [2002];[Unsimulated Sex]
Lazaro's Girlfriend [2002];[Unsimulated Sex]
La vie d'Adèle - Chapitres 1 et 2 [2013];[Unsimulated Sex]
Blue is the Warmest Colour [2013];[Unsimulated Sex]
La vie de Jésus [1997];[Unsimulated Sex]
The Life of Jesus [1997];[Unsimulated Sex]
Las hijas del fuego [2018];[Unsimulated Sex]
The Daughters of Fire [2018];[Unsimulated Sex]
Le notti erotiche dei morti viventi [1980];[Unsimulated Sex]
Sexy Nights of the Living Dead [1980];[Unsimulated Sex]
Le pornographe [2001];[Unsimulated Sex]
The Pornographer [2001];[Unsimulated Sex]
LelleBelle [2010];[Unsimulated Sex]
Les fruits de la passion [1981];[Unsimulated Sex]
Fruits of Passion [1981];[Unsimulated Sex]
Lie with Me [2005];[Unsimulated Sex]
Love [2015];[Unsimulated Sex]
Lucía y el Sexo [2001];[Unsimulated Sex]
Sex and Lucia [2001];[Unsimulated Sex]
Léa [2011];[Unsimulated Sex]
Marfa Girl 2 [2018];[Unsimulated Sex]
Mashina lyubvi [2016];[Unsimulated Sex]
Love Machine [2016];[Unsimulated Sex]
Matinée [2009];[Unsimulated Sex]
Mistress Frankenstein [2000];[Unsimulated Sex]
Much Loved [2015];[Unsimulated Sex]
Needle Boy [2016];[Unsimulated Sex]
Now & Later [2009];[Unsimulated Sex]
Nuda per Satana [1974];[Unsimulated Sex]
Naked for Satan [1974];[Unsimulated Sex]
Nymphomaniac: Vol. I [2013];[Unsimulated Sex]
Nymphomaniac: Vol. II [2013];[Unsimulated Sex]
Paradies: Glaube [2012];[Unsimulated Sex]
Paradise: Faith [2012];[Unsimulated Sex]
Pasolini [2014];[Unsimulated Sex]
Picture of Beauty [2017];[Unsimulated Sex]
Pink Flamingos [1972];[Unsimulated Sex]
Play Motel [1979];[Unsimulated Sex]
Pola X [1999];[Unsimulated Sex]
Pornopung [2013];[Unsimulated Sex]
Princesas [2005];[Unsimulated Sex]
Princesses [2005];[Unsimulated Sex]
Q [2011];[Unsimulated Sex]
Desire [2011];[Unsimulated Sex]
Romance [1999];[Unsimulated Sex]
Serbis [2008];[Unsimulated Sex]
Service [2008];[Unsimulated Sex]
Sexcula [1974];[Unsimulated Sex]
Sexual Freedom in Denmark [1970];[Unsimulated Sex]
Sexual Liberty Now! [1971];[Unsimulated Sex]
Shatter Dead [1994];[Unsimulated Sex]
Shortbus [2006];[Unsimulated Sex]
Sol Alegria [2018];[Unsimulated Sex]
Spetters [1980];[Unsimulated Sex]
Starlet [2012];[Unsimulated Sex]
Stille dage i Clichy [1970];[Unsimulated Sex]
Quiet Days in Clichy [1970];[Unsimulated Sex]
Sud sanaeha [2002];[Unsimulated Sex]
Blissfully Yours [2002];[Unsimulated Sex]
Sweet Sweetback's Baadasssss Song [1971];[Unsimulated Sex]
Síndrome [2004];[Unsimulated Sex]
Sømænd på sengekanten [1976];[Unsimulated Sex]
Bedside Sailors [1976];[Unsimulated Sex]
Tender's Heat: Wild Wild Beach [2007];[Unsimulated Sex]
Zhar nezhnykh. Dikiy, dikiy plyazh [2007];[Unsimulated Sex]
Tenemos la carne [2016];[Unsimulated Sex]
We Are the Flesh [2016];[Unsimulated Sex]
The ABC of Love and Sex: Australia Style [1978];[Unsimulated Sex]
The Band [2009];[Unsimulated Sex]
The Brown Bunny [2003];[Unsimulated Sex]
The Center of the World [2001];[Unsimulated Sex]
The Opening of Misty Beethoven [1976];[Unsimulated Sex]
The Principles of Lust [2003];[Unsimulated Sex]
The Raspberry Reich [2004];[Unsimulated Sex]
Thriller - en grym film [1974];[Unsimulated Sex]
Thriller: A Cruel Picture [1974];[Unsimulated Sex]
Théo et Hugo dans le même bateau [2016];[Unsimulated Sex]
Paris 05:59 [2016];[Unsimulated Sex]
Tian bian yi duo yun [2005];[Unsimulated Sex]
The Wayward Cloud [2005];[Unsimulated Sex]
Tropical Manila [2008];[Unsimulated Sex]
Underwater [2015];[Unsimulated Sex]
Une vraie jeune fille [1976];[Unsimulated Sex]
A Real Young Girl [1976];[Unsimulated Sex]
W.R. - Misterije organizma [1971];[Unsimulated Sex]
W.R - Mysteries of the Organism [1971];[Unsimulated Sex]
Weiße Haut und schwarze Schenkel [1976];[Unsimulated Sex]
White Skin Black Thighs [1976];[Unsimulated Sex]
Wij [2018];[Unsimulated Sex]
We [2018];[Unsimulated Sex]
Xue lian [1995];[Unsimulated Sex]
Trilogy of Lust [1995];[Unsimulated Sex]
À l'aventure [2008];[Unsimulated Sex]
An Adventure [2008];[Unsimulated Sex]
