2 ou 3 choses que je sais d'elle [1967];[MindFuck Movie]
2 or 3 Things I Know About Her [1967];[MindFuck Movie]
2001: A Space Odyssey [1968];[MindFuck Movie]
8½ [1963];[MindFuck Movie]
Arlington Road [1999];[MindFuck Movie]
As Above, So Below [2014];[MindFuck Movie]
Begotten [1991];[MindFuck Movie]
Below [2002];[MindFuck Movie]
Beyond the Black Rainbow [2010];[MindFuck Movie]
Big Fish [2003];[MindFuck Movie]
Black Moon [1975];[MindFuck Movie]
Boxing Helena [1993];[MindFuck Movie]
Brick [2005];[MindFuck Movie]
Bu Neng Shuo De Mi Mi [2007];[MindFuck Movie]
Secret [2007];[MindFuck Movie]
The Secret That Cannot Be Told [2007];[MindFuck Movie]
Coherence [2013];[MindFuck Movie]
Copie conforme [2010];[MindFuck Movie]
Certified Copy [2010];[MindFuck Movie]
Cube 2: Hypercube [2002];[MindFuck Movie]
Cure [1997];[MindFuck Movie]
Cypher [2002];[MindFuck Movie]
Dark City [1998];[MindFuck Movie]
De zee die denkt [2000];[MindFuck Movie]
The Sea That Thinks [2000];[MindFuck Movie]
Dead Man's Shoes [2004];[MindFuck Movie]
Dédales [2003];[MindFuck Movie]
Labyrinth [2003];[MindFuck Movie]
Den Brysomme mannen [2006];[MindFuck Movie]
The Bothersome Man [2006];[MindFuck Movie]
Dogville [2003];[MindFuck Movie]
Donnie Darko [2001];[MindFuck Movie]
El laberinto del fauno [2006];[MindFuck Movie]
Pan's Labyrinth [2006];[MindFuck Movie]
El topo [1970];[MindFuck Movie]
The Mole [1970];[MindFuck Movie]
Eliza Graves [2014];[MindFuck Movie]
Stonehearst Asylum [2014];[MindFuck Movie]
Enemy [2013];[MindFuck Movie]
eXistenZ [1999];[MindFuck Movie]
Film socialisme [2010];[MindFuck Movie]
Filth [2013];[MindFuck Movie]
Following [1998];[MindFuck Movie]
Geomi sup [2004];[MindFuck Movie]
Spider Forest [2004];[MindFuck Movie]
Ghost in the Shell 2: Innocence [2004];[MindFuck Movie]
Groundhog Day [1993];[MindFuck Movie]
Hurlements en faveur de Sade [1952];[MindFuck Movie]
Howlings in Favour of de Sade [1952];[MindFuck Movie]
Idaho Transfer [1973];[MindFuck Movie]
Identity [2003];[MindFuck Movie]
In the Mouth of Madness [1994];[MindFuck Movie]
Inception [2010];[MindFuck Movie]
Ink [2009];[MindFuck Movie]
Inland Empire [2006];[MindFuck Movie]
Inside Charlie [2007];[MindFuck Movie]
Invasion of Thunderbolt Pagoda [1968];[MindFuck Movie]
Izo [2004];[MindFuck Movie]
Jacob's Ladder [1990];[MindFuck Movie]
Janghwa, Hongryeon [2003];[MindFuck Movie]
A Tale of Two Sisters [2003];[MindFuck Movie]
Jeux d'enfants [2003];[MindFuck Movie]
Love Me If You Dare [2003];[MindFuck Movie]
K-PAX [2001];[MindFuck Movie]
Kansen [2004];[MindFuck Movie]
Infection [2004];[MindFuck Movie]
Kill List [2011];[MindFuck Movie]
L'année dernière à Marienbad [1961];[MindFuck Movie]
Last Year at Marienbad [1961];[MindFuck Movie]
La cité des enfants perdus [1995];[MindFuck Movie]
The City of Lost Children [1995];[MindFuck Movie]
Run Lola Run [1998];[MindFuck Movie]
Lola rennt [1998];[MindFuck Movie]
Timecrimes [2007];[MindFuck Movie]
Los Cronocrímenes [2007];[MindFuck Movie]
Lucky Number Slevin [2006];[MindFuck Movie]
Lulu on the Bridge [1998];[MindFuck Movie]
Maléfique [2002];[MindFuck Movie]
Mind Game [2004];[MindFuck Movie]
Modus Anomali [2012];[MindFuck Movie]
Moon [2009];[MindFuck Movie]
Mr. Nobody [2009];[MindFuck Movie]
Next Door [2005];[MindFuck Movie]
Naboer [2005];[MindFuck Movie]
Funky Forest [2005];[MindFuck Movie]
Naisu no mori: The First Contact [2005];[MindFuck Movie]
Naked Lunch [1991];[MindFuck Movie]
Nekojiru-so [2001];[MindFuck Movie]
Cat Soup [2001];[MindFuck Movie]
Ôdishon [1999];[MindFuck Movie]
Audition [1999];[MindFuck Movie]
Oldboy [2003];[MindFuck Movie]
Oldeuboi [2003];[MindFuck Movie]
One Point O [2004];[MindFuck Movie]
Pafekuto Buru [1997];[MindFuck Movie]
Perfect Blue [1997];[MindFuck Movie]
Papurika [2006];[MindFuck Movie]
Paprika [2006];[MindFuck Movie]
Persona [1966];[MindFuck Movie]
Pi [1998];[MindFuck Movie]
? [1998];[MindFuck Movie]
Predestination [2014];[MindFuck Movie]
Primal Fear [1996];[MindFuck Movie]
Primer [2004];[MindFuck Movie]
Psycho [1960];[MindFuck Movie]
Rashômon [1950];[MindFuck Movie]
Revolver [2005];[MindFuck Movie]
Sanatorium pod klepsydra [1973];[MindFuck Movie]
The Hour-Glass Sanatorium [1973];[MindFuck Movie]
Schizopolis [1996];[MindFuck Movie]
Session 9 [2001];[MindFuck Movie]
Sleepaway Camp [1983];[MindFuck Movie]
Solaris [1972];[MindFuck Movie]
Solyaris [1972];[MindFuck Movie]
Source Code [2011];[MindFuck Movie]
Special [2006];[MindFuck Movie]
Survive Style 5+ [2004];[MindFuck Movie]
Swimming Pool [2003];[MindFuck Movie]
Synecdoche, New York [2008];[MindFuck Movie]
Tenshi no Tamago [1985];[MindFuck Movie]
Angel's Egg [1985];[MindFuck Movie]
The Adventures of Baron Munchausen [1988];[MindFuck Movie]
The Corridor [2010];[MindFuck Movie]
The Day of the Locust [1975];[MindFuck Movie]
The Dead Zone [1983];[MindFuck Movie]
The Fall [2006];[MindFuck Movie]
The Fountain [2006];[MindFuck Movie]
The Holy Mountain [1973];[MindFuck Movie]
The Illusionist [2006];[MindFuck Movie]
The Imaginarium of Doctor Parnassus [2009];[MindFuck Movie]
The Jacket [2005];[MindFuck Movie]
The Killing Room [2009];[MindFuck Movie]
The Lazarus Project [2008];[MindFuck Movie]
The Man from Earth [2007];[MindFuck Movie]
The Matrix [1999];[MindFuck Movie]
The Mist [2007];[MindFuck Movie]
The Mothman Prophecies [2002];[MindFuck Movie]
The Nines [2007];[MindFuck Movie]
The Philosophers [2013];[MindFuck Movie]
After the Dark [2013];[MindFuck Movie]
The Prestige [2006];[MindFuck Movie]
The Quiet Earth [1985];[MindFuck Movie]
The Salton Sea [2002];[MindFuck Movie]
The Signal [2014];[MindFuck Movie]
The Truman Show [1998];[MindFuck Movie]
The Truth About Emanuel [2013];[MindFuck Movie]
The Usual Suspects [1995];[MindFuck Movie]
The Village [2004];[MindFuck Movie]
Time Bandits [1981];[MindFuck Movie]
Total Recall [1990];[MindFuck Movie]
Total Recall [2012];[MindFuck Movie]
Triangle [2009];[MindFuck Movie]
12 Monkeys [1995];[MindFuck Movie]
Twelve Monkeys [1995];[MindFuck Movie]
Upstream Color [2013];[MindFuck Movie]
Vanilla Sky [2001];[MindFuck Movie]
Vertigo [1958];[MindFuck Movie]
Week End [1967];[MindFuck Movie]
Weekend [1967];[MindFuck Movie]
Where the Dead Go to Die [2012];[MindFuck Movie]
Zenith [2010];[MindFuck Movie]
