Alma [2015];[Dreamworks]
Antz [1998];[Dreamworks]
B.O.B.'s Big Break [2009];[Dreamworks]
B.O.O.: Bureau of Otherworldly Operations [2015];[Dreamworks]
Bee Movie [2007];[Dreamworks]
Book of Dragons [2011];[Dreamworks]
Captain Underpants [2017];[Dreamworks]
Chicken Run [2000];[Dreamworks]
Donkey Live! [2009];[Dreamworks]
Donkey's Christmas Shrektacular [2010];[Dreamworks]
Dragons 3 [2016];[Dreamworks]
Dragons: Gift of the Night Fury [2011];[Dreamworks]
Far Far Away Idol [2004];[Dreamworks]
First Flight [2006];[Dreamworks]
Fjorg! [2007];[Dreamworks]
Flushed Away [2006];[Dreamworks]
Hammy's Boomerang Adventure [2006];[Dreamworks]
Happy Smekday! [2014];[Dreamworks]
How to Train Your Dragon [2010];[Dreamworks]
How to Train Your Dragon 2 [2014];[Dreamworks]
Kung Fu Panda [2008];[Dreamworks]
Kung Fu Panda 2 [2011];[Dreamworks]
Kung Fu Panda 3 [2016];[Dreamworks]
Kung Fu Panda Holiday Special [2010];[Dreamworks]
Kung Fu Panda: Secrets of the Furious Five [2008];[Dreamworks]
Kung Fu Panda: Secrets of the Masters [2011];[Dreamworks]
Legend of the Boneknapper Dragon [2010];[Dreamworks]
Madagascar [2005];[Dreamworks]
Madagascar 3: Europe's Most Wanted [2012];[Dreamworks]
Madagascar: A Crate Adventure [2011];[Dreamworks]
Madagascar: Escape 2 Africa [2008];[Dreamworks]
Me and My Shadow [2014];[Dreamworks]
Megamind [2010];[Dreamworks]
Megamind: The Button of Doom [2011];[Dreamworks]
Merry Madagascar [2009];[Dreamworks]
Monsters vs Aliens [2009];[Dreamworks]
Monsters vs Aliens: Mutant Pumpkins from Outer Space [2009];[Dreamworks]
Mr. Peabody & Sherman [2014];[Dreamworks]
Mumbai Musical [2015];[Dreamworks]
Mumbai Musical [2016];[Dreamworks]
Night of the Living Carrots [2011];[Dreamworks]
Over the Hedge [2006];[Dreamworks]
Penguins of Madagascar [2014];[Dreamworks]
Puss in Boots [2011];[Dreamworks]
Puss in Boots: The Three Diablos [2011];[Dreamworks]
Rise of the Guardians [2012];[Dreamworks]
Scared Shrekless [2010];[Dreamworks]
Shark Tale [2004];[Dreamworks]
Shrek [2001];[Dreamworks]
Shrek 2 [2004];[Dreamworks]
Shrek 4-D [2003];[Dreamworks]
Shrek Forever After [2010];[Dreamworks]
Shrek in the Swamp Karaoke Dance Party [2001];[Dreamworks]
Shrek the Halls [2007];[Dreamworks]
Shrek the Third [2007];[Dreamworks]
Shrek's Thrilling Tales [2012];[Dreamworks]
Sinbad: Legend of the Seven Seas [2003];[Dreamworks]
Spirit: Stallion of the Cimarron [2002];[Dreamworks]
The Croods [2013];[Dreamworks]
The Croods 2 [2017];[Dreamworks]
The Madagascar Penguins in a Christmas Caper [2005];[Dreamworks]
The Penguins of Madagascar: Operation - DVD Premiere [2010];[Dreamworks]
The Pig Who Cried Werewolf [2011];[Dreamworks]
The Prince of Egypt [1998];[Dreamworks]
The Road to El Dorado [2000];[Dreamworks]
Thriller Night [2011];[Dreamworks]
Trolls [2015];[Dreamworks]
Truckers [2015];[Dreamworks]
Turbo [2013];[Dreamworks]
Wallace & Gromit in The Curse of the Were-Rabbit [2005];[Dreamworks]
A Bug's Life [1998];[Pixar]
Brave [2012];[Pixar]
Cars [2006];[Pixar]
Cars 2 [2011];[Pixar]
Finding Nemo [2003];[Pixar]
Monsters University [2013];[Pixar]
Monsters, Inc. [2001];[Pixar]
Ratatouille [2007];[Pixar]
The Incredibles [2004];[Pixar]
Toy Story [1995];[Pixar]
Toy Story 2 [1999];[Pixar]
Toy Story 3 [2010];[Pixar]
Up [2009];[Pixar]
WALL·E [2008];[Pixar]
Arthur Christmas [2011];[Sony]
Cloudy with a Chance of Meatballs [2009];[Sony]
Cloudy with a Chance of Meatballs 2 [2013];[Sony]
Hotel Transylvania [2012];[Sony]
Monster House [2006];[Sony]
Open Season [2006];[Sony]
Surf's Up [2007];[Sony]
The Pirates! In an Adventure with Scientists! [2012];[Sony]
The Pirates! Band of Misfits [2012];[Sony]
The Smurfs [2011];[Sony]
The Smurfs 2 [2013];[Sony]
Wreck-It Ralph [2012];[Disney]
Buzz Lightyear of Star Command: The Adventure Begins [2000];[Disney]
Chicken Little [2005];[Disney]
Frozen [2013];[Disney]
Planes [2013];[Disney]
Tinker Bell [2008];[Disney]
Tinker Bell and the Great Fairy Rescue [2010];[Disney]
Tinker Bell and the Lost Treasure [2009];[Disney]
