12 Dates of Christmas [2011];(ABC Family Original Movie)
Au Pair 3: Adventure in Paradise [2009];(ABC Family Original Movie)
Beauty & the Briefcase [2010];(ABC Family Original Movie)
Campus Confidential [2005];(ABC Family Original Movie)
Chasing Christmas [2005];(ABC Family Original Movie)
Christmas Bounty [2013];(ABC Family Original Movie)
Christmas Caper [2007];(ABC Family Original Movie)
Christmas Cupid [2010];(ABC Family Original Movie)
Christmas Do-Over [2006];(ABC Family Original Movie)
Christmas in Boston [2005];(ABC Family Original Movie)
Cyberbully [2011];(ABC Family Original Movie)
Desperately Seeking Santa [2011];(ABC Family Original Movie)
Fallen [2006];(ABC Family Original Movie)
Full of It [2007];(ABC Family Original Movie)
Home Alone: The Holiday Heist [2012];(ABC Family Original Movie)
If Only [2004];(ABC Family Original Movie)
Kart Racer [2003];(ABC Family Original Movie)
Labor Pains [2009];(ABC Family Original Movie)
Love Wrecked [2005];(ABC Family Original Movie)
Lovestruck: The Musical [2013];(ABC Family Original Movie)
My Fake Fiance [2009];(ABC Family Original Movie)
My Future Boyfriend [2011];(ABC Family Original Movie)
Nature of the Beast [2007];(ABC Family Original Movie)
Picture This [2008];(ABC Family Original Movie)
Princess [2008];(ABC Family Original Movie)
Revenge of the Bridesmaids [2010];(ABC Family Original Movie)
Santa Baby [2006];(ABC Family Original Movie)
Santa Baby 2: Christmas Maybe [2009];(ABC Family Original Movie)
School of Life [2005];(ABC Family Original Movie)
Snow 2: Brain Freeze [2008];(ABC Family Original Movie)
Snowglobe [2007];(ABC Family Original Movie)
Teen Spirit [2011];(ABC Family Original Movie)
The Circuit [2008];(ABC Family Original Movie)
The Cutting Edge 3: Chasing the Dream [2008];(ABC Family Original Movie)
The Cutting Edge: Fire & Ice [2010];(ABC Family Original Movie)
The Cutting Edge: Going for the Gold [2006];(ABC Family Original Movie)
The Dog Who Saved Christmas [2009];(ABC Family Original Movie)
The Dog Who Saved Christmas Vacation [2010];(ABC Family Original Movie)
The Initiation of Sarah [2006];(ABC Family Original Movie)
'Twas the Night [2001];(Disney Channel Original Movie)
A Friendship in Vienna [1988];(Disney Channel Original Movie)
A Ring of Endless Light [2002];(Disney Channel Original Movie)
Alley Cats Strike [2000];(Disney Channel Original Movie)
Anne of Avonlea [1987];(Disney Channel Original Movie)
Anne of Green Gables: The Sequel [1987];(Disney Channel Original Movie)
Avalon High [2010];(Disney Channel Original Movie)
Back Home [1990];(Disney Channel Original Movie)
Back to Hannibal: The Return of Tom Sawyer and Huckleberry Finn [1990];(Disney Channel Original Movie)
Bejewelled [1991];(Disney Channel Original Movie)
Black Arrow [1985];(Disney Channel Original Movie)
Brink! [1998];(Disney Channel Original Movie)
Buffalo Dreams [2005];(Disney Channel Original Movie)
Bushfire Moon [1987];(Disney Channel Original Movie)
Cadet Kelly [2002];(Disney Channel Original Movie)
Camp Rock [2008];(Disney Channel Original Movie)
Camp Rock 2: The Final Jam [2010];(Disney Channel Original Movie)
Can of Worms [1999];(Disney Channel Original Movie)
Chips, the War Dog [1990];(Disney Channel Original Movie)
Cloud 9 [2014];(Disney Channel Original Movie)
Cow Belles [2006];(Disney Channel Original Movie)
Dadnapped [2009];(Disney Channel Original Movie)
Den Brother [2010];(Disney Channel Original Movie)
Don't Look Under the Bed [1999];(Disney Channel Original Movie)
Double Teamed [2002];(Disney Channel Original Movie)
Eddie's Million Dollar Cook-Off [2003];(Disney Channel Original Movie)
Frenemies [2012];(Disney Channel Original Movie)
Full-Court Miracle [2003];(Disney Channel Original Movie)
Geek Charming [2011];(Disney Channel Original Movie)
Genius [1999];(Disney Channel Original Movie)
Get a Clue [2002];(Disney Channel Original Movie)
Girl Vs. Monster [2012];(Disney Channel Original Movie)
Go Figure [2005];(Disney Channel Original Movie)
Going to the Mat [2004];(Disney Channel Original Movie)
Gone Are the Dayes [1984];(Disney Channel Original Movie)
Good Luck Charlie, It's Christmas! [2011];(Disney Channel Original Movie)
Good Old Boy: A Delta Boyhood [1988];(Disney Channel Original Movie)
Goodbye, Miss 4th of July [1988];(Disney Channel Original Movie)
Gotta Kick It Up! [2002];(Disney Channel Original Movie)
Great Expectations [1989];(Disney Channel Original Movie)
Halloweentown [1998];(Disney Channel Original Movie)
Halloweentown High [2004];(Disney Channel Original Movie)
Halloweentown II: Kalabar's Revenge [2001];(Disney Channel Original Movie)
Hatching Pete [2009];(Disney Channel Original Movie)
Heidi [1993];(Disney Channel Original Movie)
Horse Sense [1999];(Disney Channel Original Movie)
Hounded [2001];(Disney Channel Original Movie)
How to Build a Better Boy [2014];(Disney Channel Original Movie)
Johnny Kapahala: Back on Board [2007];(Disney Channel Original Movie)
Johnny Tsunami [1999];(Disney Channel Original Movie)
Jump In! [2007];(Disney Channel Original Movie)
Jump Start! [2007];(Disney Channel Original Movie)
Jumping Ship [2001];(Disney Channel Original Movie)
Lantern Hill [1989];(Disney Channel Original Movie)
Lemonade Mouth [2011];(Disney Channel Original Movie)
Let It Shine [2012];(Disney Channel Original Movie)
Life Is Ruff [2005];(Disney Channel Original Movie)
Looking for Miracles [1989];(Disney Channel Original Movie)
Lots of Luck [1985];(Disney Channel Original Movie)
Louis L'Amour's Down the Long Hills [1986];(Disney Channel Original Movie)
Love Leads the Way: A True Story [1984];(Disney Channel Original Movie)
Mark Twain and Me [1991];(Disney Channel Original Movie)
Minutemen [2008];(Disney Channel Original Movie)
Miracle in Lane 2 [2000];(Disney Channel Original Movie)
Mom's Got a Date with a Vampire [2000];(Disney Channel Original Movie)
Mother Goose Rock 'n' Rhyme [1990];(Disney Channel Original Movie)
Motocrossed [2001];(Disney Channel Original Movie)
My Date with the President's Daughter [1998];(Disney Channel Original Movie)
Nightjohn [1996];(Disney Channel Original Movie)
Northern Lights [1997];(Disney Channel Original Movie)
Not Quite Human [1987];(Disney Channel Original Movie)
Not Quite Human II [1989];(Disney Channel Original Movie)
Now You See It... [2005];(Disney Channel Original Movie)
Ollie Hopnoodle's Haven of Bliss [1988];(Disney Channel Original Movie)
On Promised Land [1994];(Disney Channel Original Movie)
Perfect Harmony [1991];(Disney Channel Original Movie)
Phantom of the Megaplex [2000];(Disney Channel Original Movie)
Phineas and Ferb the Movie: Across the 2nd Dimension [2011];(Disney Channel Original Movie)
Pixel Perfect [2004];(Disney Channel Original Movie)
Princess Protection Program [2009];(Disney Channel Original Movie)
Quints [2000];(Disney Channel Original Movie)
Radio Rebel [2012];(Disney Channel Original Movie)
Read It and Weep [2006];(Disney Channel Original Movie)
Ready to Run [2000];(Disney Channel Original Movie)
Return to Halloweentown [2006];(Disney Channel Original Movie)
Right on Track [2003];(Disney Channel Original Movie)
Rip Girls [2000];(Disney Channel Original Movie)
Roald Dahl's Danny the Champion of the World [1989];(Disney Channel Original Movie)
Save the Dog! [1988];(Disney Channel Original Movie)
Sharpay's Fabulous Adventure [2011];(Disney Channel Original Movie)
Smart House [1999];(Disney Channel Original Movie)
Spies [1992];(Disney Channel Original Movie)
Spooner [1989];(Disney Channel Original Movie)
Spot Marks the X [1986];(Disney Channel Original Movie)
StarStruck [2010];(Disney Channel Original Movie)
Stepsister from Planet Weird [2000];(Disney Channel Original Movie)
Still Not Quite Human [1992];(Disney Channel Original Movie)
Stuck in the Suburbs [2004];(Disney Channel Original Movie)
Teen Beach Movie [2013];(Disney Channel Original Movie)
The Blue Yonder [1985];(Disney Channel Original Movie)
The Cheetah Girls [2003];(Disney Channel Original Movie)
The Cheetah Girls 2 [2006];(Disney Channel Original Movie)
The Cheetah Girls: One World [2008];(Disney Channel Original Movie)
The Color of Friendship [2000];(Disney Channel Original Movie)
The Ernest Green Story [1993];(Disney Channel Original Movie)
The Even Stevens Movie [2003];(Disney Channel Original Movie)
The Four Diamonds [1995];(Disney Channel Original Movie)
The Jennie Project [2001];(Disney Channel Original Movie)
The Little Kidnappers [1990];(Disney Channel Original Movie)
The Little Riders [1996];(Disney Channel Original Movie)
The Luck of the Irish [2001];(Disney Channel Original Movie)
The Night Train to Kathmandu [1988];(Disney Channel Original Movie)
The Old Curiosity Shop [1995];(Disney Channel Original Movie)
The Other Me [2000];(Disney Channel Original Movie)
The Poof Point [2001];(Disney Channel Original Movie)
The Proud Family Movie [2005];(Disney Channel Original Movie)
The River Pirates [1988];(Disney Channel Original Movie)
The Scream Team [2002];(Disney Channel Original Movie)
The Suite Life Movie [2011];(Disney Channel Original Movie)
The Thirteenth Year [1999];(Disney Channel Original Movie)
The Ultimate Christmas Present [2000];(Disney Channel Original Movie)
The Undergrads [1985];(Disney Channel Original Movie)
The Whipping Boy [1994];(Disney Channel Original Movie)
Tiger Cruise [2004];(Disney Channel Original Movie)
Tiger Town [1983];(Disney Channel Original Movie)
Time Flyer [1985];(Disney Channel Original Movie)
Tru Confessions [2002];(Disney Channel Original Movie)
Twitches [2005];(Disney Channel Original Movie)
Twitches Too [2007];(Disney Channel Original Movie)
Under Wraps [1997];(Disney Channel Original Movie)
Up, Up, and Away! [2000];(Disney Channel Original Movie)
Wendy Wu: Homecoming Warrior [2006];(Disney Channel Original Movie)
Wish Upon a Star [1996];(Disney Channel Original Movie)
Wizards of Waverly Place: The Movie [2009];(Disney Channel Original Movie)
You Lucky Dog [1998];(Disney Channel Original Movie)
You Wish! [2003];(Disney Channel Original Movie)
Zapped [2014];(Disney Channel Original Movie)
Zenon: Girl of the 21st Century [1999];(Disney Channel Original Movie)
Zenon: The Zequel [2001];(Disney Channel Original Movie)
Zenon: Z3 [2004];(Disney Channel Original Movie)
"Little House on the Prairie"" Little House on the Prairie [1974]";(Hallmark Original Movie)
2011 Hero Dog Awards [2011];(Hallmark Original Movie)
2012 Hero Dog Awards [2012];(Hallmark Original Movie)
2013 Hero Dog Awards [2013];(Hallmark Original Movie)
2014 Hero Dog Awards [2014];(Hallmark Original Movie)
80th Annual Hollywood Christmas Parade [2011];(Hallmark Original Movie)
81st Annual Hollywood Christmas Parade [2012];(Hallmark Original Movie)
82nd Annual Hollywood Christmas Parade [2013];(Hallmark Original Movie)
A Boyfriend for Christmas [2004];(Hallmark Original Movie)
A Bride for Christmas [2012];(Hallmark Original Movie)
A Carol Christmas [2003];(Hallmark Original Movie)
A Christmas Visitor [2002];(Hallmark Original Movie)
A Christmas Wish [2011];(Hallmark Original Movie)
A Cookie Cutter Christmas [2014];(Hallmark Original Movie)
A Crush on You [2011];(Hallmark Original Movie)
A Dog Named Duke [2012];(Hallmark Original Movie)
A Family Thanksgiving [2010];(Hallmark Original Movie)
A Grandpa for Christmas [2007];(Hallmark Original Movie)
A Gunfighter's Pledge [2008];(Hallmark Original Movie)
A Kiss at Midnight [2008];(Hallmark Original Movie)
A Royal Christmas [2014];(Hallmark Original Movie)
A Taste of Romance [2012];(Hallmark Original Movie)
A Time to Remember [2003];(Hallmark Original Movie)
A Very Merry Mix-Up [2013];(Hallmark Original Movie)
Accidentally in Love [2011];(Hallmark Original Movie)
Adoption [2002];(Hallmark Original Movie)
After the Fall [2010];(Hallmark Original Movie)
All I Want for Christmas [2007];(Hallmark Original Movie)
Along Came a Nanny [2014];(Hallmark Original Movie)
America: A Tribute to Heroes [2001];(Hallmark Original Movie)
An Old Fashioned Christmas [2010];(Hallmark Original Movie)
An Old Fashioned Thanksgiving [2008];(Hallmark Original Movie)
Angel and the Badman [1947];(Hallmark Original Movie)
Angel and the Badman [2009];(Hallmark Original Movie)
Angel in the Family [2004];(Hallmark Original Movie)
Angels and Ornaments [2014];(Hallmark Original Movie)
Annie Claus is Coming to Town [2011];(Hallmark Original Movie)
Audrey's Rain [2003];(Hallmark Original Movie)
Avenging Angel [2007];(Hallmark Original Movie)
Baby's First Christmas [2012];(Hallmark Original Movie)
Backyard Wedding [2010];(Hallmark Original Movie)
Barnum [1986];(Hallmark Original Movie)
Battle of the Bulbs [2010];(Hallmark Original Movie)
Be My Valentine [2013];(Hallmark Original Movie)
Before You Say 'I Do' [2009];(Hallmark Original Movie)
Best Christmas Party Ever [2014];(Hallmark Original Movie)
Blackbeard [2006];(Hallmark Original Movie)
Bound by a Secret [2009];(Hallmark Original Movie)
Bridal Fever [2008];(Hallmark Original Movie)
Bugtime Adventures [2006];(Hallmark Original Movie)
Call Me Mrs. Miracle [2010];(Hallmark Original Movie)
Cancel Christmas [2010];(Hallmark Original Movie)
Catch a Christmas Star [2013];(Hallmark Original Movie)
Cedar Cove [2013];(Hallmark Original Movie)
Celebrate! Christmas with Maya Angelou [2005];(Hallmark Original Movie)
Charlie & Me [2008];(Hallmark Original Movie)
Chasing a Dream [2009];(Hallmark Original Movie)
Chasing Leprechauns [2012];(Hallmark Original Movie)
Christmas at Cartwright's [2014];(Hallmark Original Movie)
Christmas Comes Home to Canaan [2011];(Hallmark Original Movie)
Christmas in Canaan [2009];(Hallmark Original Movie)
Christmas Magic [2011];(Hallmark Original Movie)
Christmas Song [2012];(Hallmark Original Movie)
Christmas Star [2013];(Hallmark Original Movie)
Christmas with Holly [2012];(Hallmark Original Movie)
Citizen Jane [2009];(Hallmark Original Movie)
Claire [2007];(Hallmark Original Movie)
Class [2010];(Hallmark Original Movie)
Come Dance with Me [2012];(Hallmark Original Movie)
Daniel's Daughter [2008];(Hallmark Original Movie)
Danika [2006];(Hallmark Original Movie)
Davey & Goliath's Snowboard Christmas [2004];(Hallmark Original Movie)
Dear Dumb Diary [2013];(Hallmark Original Movie)
Dear Prudence [2009];(Hallmark Original Movie)
Desolation Canyon [2006];(Hallmark Original Movie)
Detective [2005];(Hallmark Original Movie)
Do You Know Me? [2009];(Hallmark Original Movie)
Dolly Celebrates 25 Years of Dollywood [2010];(Hallmark Original Movie)
El Dorado [1966];(Hallmark Original Movie)
Emeril's Table [2011];(Hallmark Original Movie)
Every Second Counts [2008];(Hallmark Original Movie)
Expecting a Miracle [2009];(Hallmark Original Movie)
Fairfield Road [2010];(Hallmark Original Movie)
Falling in Love with the Girl Next Door [2006];(Hallmark Original Movie)
Final Approach [2007];(Hallmark Original Movie)
Finding a Family [2011];(Hallmark Original Movie)
Fir Crazy [2013];(Hallmark Original Movie)
Fixing Pete [2011];(Hallmark Original Movie)
For Better or for Worse [2014];(Hallmark Original Movie)
For the Love of Grace [2008];(Hallmark Original Movie)
Freshman Father [2010];(Hallmark Original Movie)
Garage Sale Mystery [2013];(Hallmark Original Movie)
Garage Sale Mystery: All That Glitters [2014];(Hallmark Original Movie)
Generation Gap [2008];(Hallmark Original Movie)
Gift of the Magi [2010];(Hallmark Original Movie)
God, Country, Notre Dame: The Story of Father Ted Hesburgh, C.S.C. [2005];(Hallmark Original Movie)
Goodnight for Justice [2011];(Hallmark Original Movie)
Goodnight for Justice: Queen of Hearts [2012];(Hallmark Original Movie)
Goodnight for Justice: The Measure of a Man [2012];(Hallmark Original Movie)
Growing the Big One [2010];(Hallmark Original Movie)
Hachiko: A Dog's Story [2009];(Hallmark Original Movie)
Hallmark Heroes with Regis Philbin [2008];(Hallmark Original Movie)
Hannah's Law [2012];(Hallmark Original Movie)
Hard Ground [2003];(Hallmark Original Movie)
Help for the Holidays [2012];(Hallmark Original Movie)
Heroes [2006];(Hallmark Original Movie)
Hidden Places [2006];(Hallmark Original Movie)
Hitched for the Holidays [2012];(Hallmark Original Movie)
Holiday Engagement [2011];(Hallmark Original Movie)
Honeymoon for One [2011];(Hallmark Original Movie)
hoops&yoyo's Haunted Halloween [2012];(Hallmark Original Movie)
I Married Who? [2012];(Hallmark Original Movie)
I'll Be Your Eyes [2006];(Hallmark Original Movie)
Ice Dreams [2009];(Hallmark Original Movie)
Integrity - Always Is Always Forever [2005];(Hallmark Original Movie)
It's Christmas, Carol! [2012];(Hallmark Original Movie)
Jack's Family Adventure [2010];(Hallmark Original Movie)
Jane Doe: Eye of the Beholder [2008];(Hallmark Original Movie)
Jane Doe: How to Fire Your Boss [2007];(Hallmark Original Movie)
Jane Doe: Now You See It, Now You Don't [2005];(Hallmark Original Movie)
Jane Doe: The Harder They Fall [2006];(Hallmark Original Movie)
Jane Doe: The Wrong Face [2005];(Hallmark Original Movie)
Jane Doe: Ties That Bind [2007];(Hallmark Original Movie)
Jane Doe: Til Death Do Us Part [2005];(Hallmark Original Movie)
Jane Doe: Vanishing Act [2005];(Hallmark Original Movie)
Jane Doe: Yes, I Remember It Well [2006];(Hallmark Original Movie)
Jingle All the Way [2011];(Hallmark Original Movie)
Joan of Arc [2005];(Hallmark Original Movie)
Johnson County War [2002];(Hallmark Original Movie)
June in January [2014];(Hallmark Original Movie)
Just Desserts [2004];(Hallmark Original Movie)
Karol, un uomo diventato Papa [2005];(Hallmark Original Movie)
Karol: A Man Who Became Pope [2005];(Hallmark Original Movie)
Keeping Up with the Randalls [2011];(Hallmark Original Movie)
Kiss at Pine Lake [2012];(Hallmark Original Movie)
Kitten Bowl [2014];(Hallmark Original Movie)
Ladies and Gentlemen... Marie Osmond [2012];(Hallmark Original Movie)
Ladies of the House [2008];(Hallmark Original Movie)
Lake Effects [2012];(Hallmark Original Movie)
Life on Liberty Street [2004];(Hallmark Original Movie)
Light On: Gibson's Passion [2004];(Hallmark Original Movie)
Little House on the Prairie [1983];(Hallmark Original Movie)
Looking for Mr. Right [2014];(Hallmark Original Movie)
Love at the Thanksgiving Day Parade [2012];(Hallmark Original Movie)
Love Comes Softly [2003];(Hallmark Original Movie)
Love Finds a Home [2009];(Hallmark Original Movie)
Love Is a Four Letter Word [2007];(Hallmark Original Movie)
Love Takes Wing [2009];(Hallmark Original Movie)
Love's Christmas Journey [2011];(Hallmark Original Movie)
Love's Enduring Promise [2004];(Hallmark Original Movie)
Love's Long Journey [2005];(Hallmark Original Movie)
Love's Unending Legacy [2007];(Hallmark Original Movie)
Lucky Christmas [2011];(Hallmark Original Movie)
Lucky in Love [2014];(Hallmark Original Movie)
Mad Hungry [2010];(Hallmark Original Movie)
Mail Order Bride [2008];(Hallmark Original Movie)
Married in America 2 [2006];(Hallmark Original Movie)
Martha Bakes [2011];(Hallmark Original Movie)
Martha Stewart Presents [2010];(Hallmark Original Movie)
Martha Stewart's Holiday Open House [2010];(Hallmark Original Movie)
Mary, Mother of Jesus [1999];(Hallmark Original Movie)
McBride: Anybody Here Murder Marty? [2005];(Hallmark Original Movie)
McBride: Dogged [2007];(Hallmark Original Movie)
McBride: Fallen Idol [2006];(Hallmark Original Movie)
McBride: It's Murder, Madam [2005];(Hallmark Original Movie)
McBride: Murder Past Midnight [2005];(Hallmark Original Movie)
McBride: Requiem [2008];(Hallmark Original Movie)
McBride: Semper Fi [2007];(Hallmark Original Movie)
McBride: The Chameleon Murder [2005];(Hallmark Original Movie)
McBride: The Doctor Is Out... Really Out [2005];(Hallmark Original Movie)
McBride: Tune in for Murder [2005];(Hallmark Original Movie)
Meddling Mom [2013];(Hallmark Original Movie)
Meet My Mom [2010];(Hallmark Original Movie)
Meet the Santas [2005];(Hallmark Original Movie)
Mending Fences [2009];(Hallmark Original Movie)
Merlin's Apprentice [2006];(Hallmark Original Movie)
Mom's Day Away [2014];(Hallmark Original Movie)
Monster Makers [2003];(Hallmark Original Movie)
Moonlight & Mistletoe [2008];(Hallmark Original Movie)
Moonshine Highway [1996];(Hallmark Original Movie)
Mrs. Miracle [2009];(Hallmark Original Movie)
Mrs. Washington Goes to Smith [2009];(Hallmark Original Movie)
Murder 101: College Can Be Murder [2007];(Hallmark Original Movie)
Murder 101: New Age [2008];(Hallmark Original Movie)
Murder Without Conviction [2004];(Hallmark Original Movie)
My Boyfriends' Dogs [2014];(Hallmark Original Movie)
My Gal Sunday [2014];(Hallmark Original Movie)
Mysterious Island [2005];(Hallmark Original Movie)
Mystery Woman [2003];(Hallmark Original Movie)
Mystery Woman: At First Sight [2006];(Hallmark Original Movie)
Mystery Woman: Game Time [2005];(Hallmark Original Movie)
Mystery Woman: In the Shadows [2007];(Hallmark Original Movie)
Mystery Woman: Mystery Weekend [2005];(Hallmark Original Movie)
Mystery Woman: Oh Baby [2006];(Hallmark Original Movie)
Mystery Woman: Redemption [2006];(Hallmark Original Movie)
Mystery Woman: Sing Me a Murder [2005];(Hallmark Original Movie)
Mystery Woman: Snapshot [2005];(Hallmark Original Movie)
Mystery Woman: Vision of a Murder [2005];(Hallmark Original Movie)
Mystery Woman: Wild West Mystery [2006];(Hallmark Original Movie)
Naomi's New Morning [2005];(Hallmark Original Movie)
Nearlyweds [2013];(Hallmark Original Movie)
New Morning [2007];(Hallmark Original Movie)
Northpole [2014];(Hallmark Original Movie)
Notes from the Heart Healer [2012];(Hallmark Original Movie)
One Christmas Eve [2014];(Hallmark Original Movie)
Ordinary Miracles [2005];(Hallmark Original Movie)
Our House [2006];(Hallmark Original Movie)
Our Wild Hearts [2013];(Hallmark Original Movie)
Out of the Woods [2005];(Hallmark Original Movie)
Perfect on Paper [2014];(Hallmark Original Movie)
Perfectly Prudence [2011];(Hallmark Original Movie)
Pete's Christmas [2013];(Hallmark Original Movie)
Planet 360 [2013];(Hallmark Original Movie)
Puppy Love [2012];(Hallmark Original Movie)
Reading Writing & Romance [2013];(Hallmark Original Movie)
Relative Stranger [2009];(Hallmark Original Movie)
Reluctant Saint: Francis of Assisi [2003];(Hallmark Original Movie)
Rescue Series [2005];(Hallmark Original Movie)
Ring by Spring [2014];(Hallmark Original Movie)
Rock the House [2011];(Hallmark Original Movie)
Romance mill�sim�e [2009];(Hallmark Original Movie)
Roughing It [2002];(Hallmark Original Movie)
Sacrifices of the Heart [2007];(Hallmark Original Movie)
Sea Patrol [2007];(Hallmark Original Movie)
Second Chances [2013];(Hallmark Original Movie)
Secrets [1995];(Hallmark Original Movie)
Shark Swarm [2008];(Hallmark Original Movie)
Shuffleton's Barbershop [2013];(Hallmark Original Movie)
Signed, Sealed, Delivered [2014];(Hallmark Original Movie)
Signed, Sealed, Delivered for Christmas [2014];(Hallmark Original Movie)
Single Santa Seeks Mrs. Claus [2004];(Hallmark Original Movie)
Smooch [2011];(Hallmark Original Movie)
Snow Bride [2013];(Hallmark Original Movie)
So You Said Yes [2015];(Hallmark Original Movie)
Space Warriors [2013];(Hallmark Original Movie)
Stranded [2002];(Hallmark Original Movie)
Stranded in Paradise [2014];(Hallmark Original Movie)
Strawberry Summer [2012];(Hallmark Original Movie)
Surprised by Love [2015];(Hallmark Original Movie)
Taking a Chance on Love [2009];(Hallmark Original Movie)
The 20th Annual Movieguide Awards [2012];(Hallmark Original Movie)
The 21st Annual Movieguide Awards [2013];(Hallmark Original Movie)
The 36th Annual Gracie Awards [2011];(Hallmark Original Movie)
The Case for Christmas [2011];(Hallmark Original Movie)
The Christmas Card [2006];(Hallmark Original Movie)
The Christmas Choir [2008];(Hallmark Original Movie)
The Christmas Heart [2012];(Hallmark Original Movie)
The Christmas Pageant [2011];(Hallmark Original Movie)
The Confession [2013];(Hallmark Original Movie)
The Edge of the Garden [2011];(Hallmark Original Movie)
The Four Chaplains: Sacrifice at Sea [2004];(Hallmark Original Movie)
The Gambler, the Girl and the Gunslinger [2009];(Hallmark Original Movie)
The Good Witch [2008];(Hallmark Original Movie)
The Good Witch's Charm [2012];(Hallmark Original Movie)
The Good Witch's Destiny [2013];(Hallmark Original Movie)
The Good Witch's Family [2011];(Hallmark Original Movie)
The Good Witch's Garden [2009];(Hallmark Original Movie)
The Good Witch's Gift [2010];(Hallmark Original Movie)
The Good Witch's Wonder [2014];(Hallmark Original Movie)
The Hollywood Mom's Mystery [2004];(Hallmark Original Movie)
The Infinite Worlds of H.G. Wells [2001];(Hallmark Original Movie)
The King and Queen of Moonlight Bay [2003];(Hallmark Original Movie)
The Last Cowboy [2003];(Hallmark Original Movie)
The Memory Book [2014];(Hallmark Original Movie)
The Most Wonderful Time of the Year [2008];(Hallmark Original Movie)
The Nanny Express [2008];(Hallmark Original Movie)
The National Tree [2009];(Hallmark Original Movie)
The Night Before the Night Before Christmas [2010];(Hallmark Original Movie)
The Nine Lives of Christmas [2014];(Hallmark Original Movie)
The Note [2007];(Hallmark Original Movie)
The Prince and the Pauper [2000];(Hallmark Original Movie)
The Reading Room [2005];(Hallmark Original Movie)
The Royal Scandal [2001];(Hallmark Original Movie)
The Santa Incident [2010];(Hallmark Original Movie)
The Santa Suit [2010];(Hallmark Original Movie)
The Seven Year Hitch [2012];(Hallmark Original Movie)
The Shunning [2011];(Hallmark Original Movie)
The Sons of Katie Elder [1965];(Hallmark Original Movie)
The Spirit of Mississippi [2010];(Hallmark Original Movie)
The Sweeter Side of Life [2013];(Hallmark Original Movie)
The Thanksgiving House [2013];(Hallmark Original Movie)
The Third Wish [2005];(Hallmark Original Movie)
The Three Gifts [2009];(Hallmark Original Movie)
The Town Christmas Forgot [2010];(Hallmark Original Movie)
The Trail to Hope Rose [2004];(Hallmark Original Movie)
The Waltons [1981];(Hallmark Original Movie)
The Watsons Go to Birmingham [2013];(Hallmark Original Movie)
The Wild Girl [2010];(Hallmark Original Movie)
The Wishing Tree [2012];(Hallmark Original Movie)
The Wishing Well [2009];(Hallmark Original Movie)
The World's Funniest Halloween Moments [2011];(Hallmark Original Movie)
Thicker Than Water [2005];(Hallmark Original Movie)
This Magic Moment [2013];(Hallmark Original Movie)
Three Wise Women [2010];(Hallmark Original Movie)
Time after Time [2011];(Hallmark Original Movie)
Tom Dick & Harriet [2013];(Hallmark Original Movie)
Trading Christmas [2011];(Hallmark Original Movie)
Tricking and Treating with Martha Stewart [2010];(Hallmark Original Movie)
Uncorked [2009];(Hallmark Original Movie)
Undercover Bridesmaid [2012];(Hallmark Original Movie)
We'll Meet Again [2002];(Hallmark Original Movie)
Wedding Planner Mystery [2014];(Hallmark Original Movie)
Whatever with Alexis & Jennifer [2010];(Hallmark Original Movie)
Whatever, You're Wrong [2011];(Hallmark Original Movie)
When Calls the Heart [2013];(Hallmark Original Movie)
When Calls the Heart [2014];(Hallmark Original Movie)
When Sparks Fly [2014];(Hallmark Original Movie)
Where There's a Will [2006];(Hallmark Original Movie)
Wild Hearts [2006];(Hallmark Original Movie)
William & Catherine: A Royal Romance [2011];(Hallmark Original Movie)
You Lucky Dog [2010];(Hallmark Original Movie)
You've Got a Friend [2007];(Hallmark Original Movie)
Your Love Never Fails [2011];(Hallmark Original Movie)
A Dog Year [2009];(HBO Original Movie)
A Number [2008];(HBO Original Movie)
American Carrott [1985];(HBO Original Movie)
American Splendor [2003];(HBO Original Movie)
And the Band Played On [1993];(HBO Original Movie)
Angels in America [2003];(HBO Original Movie)
As You Like It [2006];(HBO Original Movie)
Behind the Candelabra [2013];(HBO Original Movie)
Boffo! Tinseltown's Bombs and Blockbusters [2006];(HBO Original Movie)
Boycott [2001];(HBO Original Movie)
Bury My Heart At Wounded Knee [2007];(HBO Original Movie)
Capturing Mary [2007];(HBO Original Movie)
Cheaters [2000];(HBO Original Movie)
Cinema Verite [2011];(HBO Original Movie)
Clear History [2013];(HBO Original Movie)
Dancing in September [2000];(HBO Original Movie)
Dead Ahead: The Exxon Valdez Disaster [1992];(HBO Original Movie)
Death in Gaza [2004];(HBO Original Movie)
Descending Angel [1990];(HBO Original Movie)
Dinner with Friends [2001];(HBO Original Movie)
Dirty War [2004];(HBO Original Movie)
Disappearing Acts [2000];(HBO Original Movie)
Einstein and Eddington [2008];(HBO Original Movie)
Elephant [2003];(HBO Original Movie)
Elizabeth I [2005];(HBO Original Movie)
Empire Falls [2005];(HBO Original Movie)
Everyday People [2004];(HBO Original Movie)
Flashback [1997];(HBO Original Movie)
For Love or Country: The Arturo Sandoval Story [2000];(HBO Original Movie)
Frequently Asked Questions About Time Travel [2009];(HBO Original Movie)
Game Change [2012];(HBO Original Movie)
Generation Kill [2008];(HBO Original Movie)
Good Hair [2009];(HBO Original Movie)
Grey Gardens [2009];(HBO Original Movie)
Half Past Autumn: The Life and Works of Gordon Parks [2000];(HBO Original Movie)
Happenstance [2007];(HBO Original Movie)
Hard Times: Lost on Long Island [2012];(HBO Original Movie)
Heidi Fleiss: The Would-Be Madam of Crystal [2008];(HBO Original Movie)
Hemingway & Gellhorn [2012];(HBO Original Movie)
Here It Is, Burlesque! [1979];(HBO Original Movie)
Hispaniola [2007];(HBO Original Movie)
House of Saddam [2008];(HBO Original Movie)
Idlewild [2006];(HBO Original Movie)
Into the Storm [2009];(HBO Original Movie)
Iron Jawed Angels [2004];(HBO Original Movie)
Joe's Palace [2007];(HBO Original Movie)
John Adams [2008];(HBO Original Movie)
Journeys with George [2002];(HBO Original Movie)
Kick Like a Girl [2008];(HBO Original Movie)
Kit Kittredge: An American Girl [2008];(HBO Original Movie)
Lackawanna Blues [2005];(HBO Original Movie)
Lansky [1999];(HBO Original Movie)
Last Days [2005];(HBO Original Movie)
Life Support [2007];(HBO Original Movie)
Live from Baghdad [2002];(HBO Original Movie)
Longford [2006];(HBO Original Movie)
Maria Full of Grace [2004];(HBO Original Movie)
Mary and Martha [2013];(HBO Original Movie)
Muhammad Ali's Greatest Fight [2013];(HBO Original Movie)
My Zinc Bed [2008];(HBO Original Movie)
Phil Spector [2013];(HBO Original Movie)
Point of Origin [2002];(HBO Original Movie)
Pu-239 [2006];(HBO Original Movie)
Recount [2008];(HBO Original Movie)
Rocket Science [2007];(HBO Original Movie)
Running Mates [1992];(HBO Original Movie)
Sex and the City 2 [2010];(HBO Original Movie)
Shelly Fisher [2008];(HBO Original Movie)
Shot in the Heart [2001];(HBO Original Movie)
Sometimes in April [2005];(HBO Original Movie)
Starter for 10 [2006];(HBO Original Movie)
Stranger Inside [2001];(HBO Original Movie)
Strip Search [2004];(HBO Original Movie)
Stuart: A Life Backwards [2007];(HBO Original Movie)
Sugar [2008];(HBO Original Movie)
Taking Chance [2009];(HBO Original Movie)
Temple Grandin [2010];(HBO Original Movie)
The Affair [1995];(HBO Original Movie)
The Big Heist [2001];(HBO Original Movie)
The Devil's Whore [2008];(HBO Original Movie)
The Fever [2004];(HBO Original Movie)
The Gathering Storm [2002];(HBO Original Movie)
The Girl [2012];(HBO Original Movie)
The Girl in the Cafe [2005];(HBO Original Movie)
The Half Life of Timofey Berezin [2006];(HBO Original Movie)
The Normal Heart [2014];(HBO Original Movie)
The Notorious Bettie Page [2005];(HBO Original Movie)
The Pacific [2010];(HBO Original Movie)
The Passion [2008];(HBO Original Movie)
The Solution [2007];(HBO Original Movie)
The Special Relationship [2010];(HBO Original Movie)
The Vagina Monologues [2002];(HBO Original Movie)
Third Degree Burn [1989];(HBO Original Movie)
Time Flies When You're Alive [1989];(HBO Original Movie)
Too Big To Fail [2011];(HBO Original Movie)
Tsunami: The Aftermath [2006];(HBO Original Movie)
Walkout [2006];(HBO Original Movie)
Warm Springs [2005];(HBO Original Movie)
Wit [2001];(HBO Original Movie)
Yesterday [2004];(HBO Original Movie)
You Don't Know Jack [2010];(HBO Original Movie)
A Near Death Experience [2008];(Lifetime Original Movie)
Babycakes [1989];(Lifetime Original Movie)
Big Driver [2014];(Lifetime Original Movie)
Crowned and Dangerous [1997];(Lifetime Original Movie)
Cyber Seduction [2012];(Lifetime Original Movie)
Cyber Seduction: His Secret Life [2005];(Lifetime Original Movie)
Deadly Love [1995];(Lifetime Original Movie)
Deadly Relations [1993];(Lifetime Original Movie)
Deadly Web [1996];(Lifetime Original Movie)
Disparue dans la nuit [1996];(Lifetime Original Movie)
Dying to Belong [1997];(Lifetime Original Movie)
Fab Five: The Texas Cheerleader Scandal [2008];(Lifetime Original Movie)
Face of Evil [1996];(Lifetime Original Movie)
Flirting with Danger [2006];(Lifetime Original Movie)
Flowers in the Attic [2014];(Lifetime Original Movie)
Freshman Fall [1996];(Lifetime Original Movie)
Fugitive at 17 [2012];(Lifetime Original Movie)
Gone [2011];(Lifetime Original Movie)
Gone in the Night [1996];(Lifetime Original Movie)
Happy Face Killer [2014];(Lifetime Original Movie)
Intimate Stranger [2006];(Lifetime Original Movie)
Liz & Dick [2012];(Lifetime Original Movie)
Lizzie Borden Took an Ax [2014];(Lifetime Original Movie)
Lizzie Borden Took an Axe [2014];(Lifetime Original Movie)
Nanny Cam [2014];(Lifetime Original Movie)
One Hot Summer Night [1998];(Lifetime Original Movie)
Perfect Body [1997];(Lifetime Original Movie)
Pregnancy Pact [2010];(Lifetime Original Movie)
Sexting in Suburbia [2012];(Lifetime Original Movie)
Shattered Silence [2012];(Lifetime Original Movie)
She Cried No [1996];(Lifetime Original Movie)
She Fought Alone [1995];(Lifetime Original Movie)
She's Too Young [2004];(Lifetime Original Movie)
Sitter Cam [2014];(Lifetime Original Movie)
Stolen Miracle [2001];(Lifetime Original Movie)
Taken: The Search for Sophie Parker [2013];(Lifetime Original Movie)
The Assault [2014];(Lifetime Original Movie)
The Babysitter [1995];(Lifetime Original Movie)
The Craigslist Killer [2011];(Lifetime Original Movie)
The Gabby Douglas Story [2014];(Lifetime Original Movie)
The Grim Sleeper [2014];(Lifetime Original Movie)
The Hunt for the I-5 Killer [2011];(Lifetime Original Movie)
The Last Prostitute [1991];(Lifetime Original Movie)
The Pact [2002];(Lifetime Original Movie)
The Stranger Beside Me [1995];(Lifetime Original Movie)
The Trip to Bountiful [2014];(Lifetime Original Movie)
The Trophy Wife's Secret [1998];(Lifetime Original Movie)
Virtual Lies [2012];(Lifetime Original Movie)
Voices [2008];(Lifetime Original Movie)
Who Is Clark Rockefeller? [2010];(Lifetime Original Movie)
Zoe Gone [2014];(Lifetime Original Movie)
A Rugrats Vacation [1997];(Nickelodeon Original Movie)
Action League Now!!: Rock-A-Big-Baby [1997];(Nickelodeon Original Movie)
Angus, Thongs and Perfect Snogging [2008];(Nickelodeon Original Movie)
Barnyard [2006];(Nickelodeon Original Movie)
Charlotte's Web [2006];(Nickelodeon Original Movie)
Clockstoppers [2002];(Nickelodeon Original Movie)
Cry Baby Lane [2000];(Nickelodeon Original Movie)
Drake and Josh Go Hollywood [2006];(Nickelodeon Original Movie)
Edwurd Fudwupper Fibbed Big [2000];(Nickelodeon Original Movie)
Fun Size [2012];(Nickelodeon Original Movie)
Harriet the Spy [1996];(Nickelodeon Original Movie)
Hey Arnold! The Movie [2002];(Nickelodeon Original Movie)
Hotel for Dogs [2009];(Nickelodeon Original Movie)
Imagine That [2009];(Nickelodeon Original Movie)
Jimmy Neutron: Boy Genius [2001];(Nickelodeon Original Movie)
Lemony Snicket's A Series of Unfortunate Events [2004];(Nickelodeon Original Movie)
Nacho Libre [2006];(Nickelodeon Original Movie)
Rango [2011];(Nickelodeon Original Movie)
Rugrats Go Wild [2003];(Nickelodeon Original Movie)
Rugrats in Paris: The Movie - Rugrats II [2000];(Nickelodeon Original Movie)
Shredderman Rules [2007];(Nickelodeon Original Movie)
Snow Day [2000];(Nickelodeon Original Movie)
The Adventures of Tintin [2011];(Nickelodeon Original Movie)
The Last Day of Summer [2007];(Nickelodeon Original Movie)
The Rugrats Movie [1998];(Nickelodeon Original Movie)
The Spiderwick Chronicles [2008];(Nickelodeon Original Movie)
The Wild Thornberrys Movie [2002];(Nickelodeon Original Movie)
Yours, Mine and Ours [2005];(Nickelodeon Original Movie)
100 Million BC [2008];(SyFy Original Movie)
2012: Startling New Secrets [2009];(SyFy Original Movie)
51 [2011];(SyFy Original Movie)
A Town Has Turned to Dust [1998];(SyFy Original Movie)
A.I. Assault [2006];(SyFy Original Movie)
Abduction Diaries [2002];(SyFy Original Movie)
Abominable [2006];(SyFy Original Movie)
Age of Dinosaurs [2013];(SyFy Original Movie)
Age of the Dragons [2011];(SyFy Original Movie)
Aladdin and the Death Lamp [2012];(SyFy Original Movie)
Alien Apocalypse [2005];(SyFy Original Movie)
Alien Dawn [2012];(SyFy Original Movie)
Alien Express [2005];(SyFy Original Movie)
Alien Gods [2003];(SyFy Original Movie)
Alien Hunter [2003];(SyFy Original Movie)
Alien Lockdown [2004];(SyFy Original Movie)
Alien Siege [2005];(SyFy Original Movie)
Alien Tornado [2012];(SyFy Original Movie)
Aliens on the Moon: The Truth Exposed [2014];(SyFy Original Movie)
Alligator Alley [2013];(SyFy Original Movie)
Alligator X [2010];(SyFy Original Movie)
American Horror House [2012];(SyFy Original Movie)
Anaconda 4: Trail of Blood [2009];(SyFy Original Movie)
Anaconda III [2008];(SyFy Original Movie)
Annihilation Earth [2009];(SyFy Original Movie)
Anonymous Rex [2004];(SyFy Original Movie)
Arachnoquake [2012];(SyFy Original Movie)
Arctic Blast [2010];(SyFy Original Movie)
Arctic Predator [2010];(SyFy Original Movie)
Area 52 [2001];(SyFy Original Movie)
Attack of the Gryphon [2007];(SyFy Original Movie)
Attack of the Sabertooth [2005];(SyFy Original Movie)
Attack of the Sabretooth [2005];(SyFy Original Movie)
Aztec Rex [2007];(SyFy Original Movie)
Ba'al [2008];(SyFy Original Movie)
Ba'al: The Storm God [2008];(SyFy Original Movie)
Backwards [2012];(SyFy Original Movie)
Banshee!!! [2008];(SyFy Original Movie)
Basilisk: The Serpent King [2006];(SyFy Original Movie)
Bats: Human Harvest [2007];(SyFy Original Movie)
Battle of Los Angeles [2011];(SyFy Original Movie)
Battle Planet [2008];(SyFy Original Movie)
Battledogs [2013];(SyFy Original Movie)
Battlestar Galactica: Razor [2007];(SyFy Original Movie)
Battlestar Galactica: The Plan [2009];(SyFy Original Movie)
Beast Legends [2010];(SyFy Original Movie)
Beauty and the Beast [2009];(SyFy Original Movie)
Behemoth [2011];(SyFy Original Movie)
Bering Sea Beast [2013];(SyFy Original Movie)
Bermuda Tentacles [2014];(SyFy Original Movie)
Beyond Loch Ness [2008];(SyFy Original Movie)
Beyond Sherwood Forest [2009];(SyFy Original Movie)
Bigfoot [2012];(SyFy Original Movie)
Bioperfection: Building a New Human Race [1998];(SyFy Original Movie)
Black Forest [2012];(SyFy Original Movie)
Black Swarm [2007];(SyFy Original Movie)
Blast Vegas [2013];(SyFy Original Movie)
Blood Monkey [2007];(SyFy Original Movie)
BloodMonkey [2007];(SyFy Original Movie)
Bloodsuckers [2005];(SyFy Original Movie)
Boa vs. Python [2004];(SyFy Original Movie)
Bone Eater [2007];(SyFy Original Movie)
Boogeyman [2012];(SyFy Original Movie)
Bugs [2003];(SyFy Original Movie)
Carny [2009];(SyFy Original Movie)
Caved In - Prehistoric Terror [2006];(SyFy Original Movie)
Cerberus [2005];(SyFy Original Movie)
Children of Men: Visions of the Future [2007];(SyFy Original Movie)
Children of the Corn [2009];(SyFy Original Movie)
Children of the Grave [2007];(SyFy Original Movie)
Chupacabra Terror [2005];(SyFy Original Movie)
Chupacabra vs. the Alamo [2013];(SyFy Original Movie)
Collision Earth [2011];(SyFy Original Movie)
Control Factor [2003];(SyFy Original Movie)
Convict 762 [1999];(SyFy Original Movie)
Copperhead [2008];(SyFy Original Movie)
Countdown to Doomsday [2006];(SyFy Original Movie)
Crimson Force [2005];(SyFy Original Movie)
Criss Angel Supernatural [2003];(SyFy Original Movie)
Cry of the Winged Serpent [2007];(SyFy Original Movie)
Curse of the Blair Witch [1999];(SyFy Original Movie)
Cut [2000];(SyFy Original Movie)
Cyclops [2008];(SyFy Original Movie)
Dark Relic [2010];(SyFy Original Movie)
Darklight [2004];(SyFy Original Movie)
Dead & Deader [2006];(SyFy Original Movie)
Dead Fire [1997];(SyFy Original Movie)
Dead Lawyers [2004];(SyFy Original Movie)
Deadly Descent [2013];(SyFy Original Movie)
Deadly Descent: The Abominable Snowman [2013];(SyFy Original Movie)
Deadly Stingers [2003];(SyFy Original Movie)
Deadly Swarm [2003];(SyFy Original Movie)
Death Row [2006];(SyFy Original Movie)
Death Tunnel [2005];(SyFy Original Movie)
Deathlands [2003];(SyFy Original Movie)
Decoys [2004];(SyFy Original Movie)
Decoys 2: Alien Seduction [2007];(SyFy Original Movie)
Deep Red [1994];(SyFy Original Movie)
Deep Shock [2003];(SyFy Original Movie)
Descent [2005];(SyFy Original Movie)
Dinoshark [2010];(SyFy Original Movie)
Disaster Zone: Volcano in New York [2006];(SyFy Original Movie)
Do or Die [2003];(SyFy Original Movie)
Dog Soldiers [2002];(SyFy Original Movie)
Doomsday Prophecy [2011];(SyFy Original Movie)
Doppelganger [1993];(SyFy Original Movie)
Dragon Dynasty [2006];(SyFy Original Movie)
Dragon Fighter [2003];(SyFy Original Movie)
Dragon Storm [2004];(SyFy Original Movie)
Dungeons & Dragons: The Book of Vile Darkness [2012];(SyFy Original Movie)
Earth's Final Hours [2011];(SyFy Original Movie)
Earthsea [2004];(SyFy Original Movie)
Earthstorm [2006];(SyFy Original Movie)
Encrypt [2003];(SyFy Original Movie)
End of the World [2013];(SyFy Original Movie)
Epoch [2001];(SyFy Original Movie)
Epoch: Evolution [2003];(SyFy Original Movie)
Exorcism [2003];(SyFy Original Movie)
Eye of the Beast [2007];(SyFy Original Movie)
Ferocious Planet [2011];(SyFy Original Movie)
Fire & Ice [2008];(SyFy Original Movie)
Fire Serpent [2007];(SyFy Original Movie)
Fireball [2009];(SyFy Original Movie)
Firestarter 2: Rekindled [2002];(SyFy Original Movie)
Flu Bird Horror [2008];(SyFy Original Movie)
Flu Birds [2008];(SyFy Original Movie)
Flying Monkeys [2013];(SyFy Original Movie)
Frankenfish [2004];(SyFy Original Movie)
Frost Giant [2010];(SyFy Original Movie)
Gargoyle [2004];(SyFy Original Movie)
George and the Dragon [2004];(SyFy Original Movie)
Ghost Quake [2012];(SyFy Original Movie)
Ghost Shark [2013];(SyFy Original Movie)
Ghost Storm [2011];(SyFy Original Movie)
Ghost Town [2009];(SyFy Original Movie)
Ghost Voyage [2008];(SyFy Original Movie)
Ghouls [2008];(SyFy Original Movie)
Girl Go Boom [2000];(SyFy Original Movie)
Goblin [2010];(SyFy Original Movie)
Grasp [2002];(SyFy Original Movie)
Grave Halloween [2013];(SyFy Original Movie)
Grendel [2007];(SyFy Original Movie)
Gretl: Witch Hunter [2012];(SyFy Original Movie)
Gryphon [2007];(SyFy Original Movie)
Habitat [1997];(SyFy Original Movie)
Hallowed Ground [2007];(SyFy Original Movie)
Hammerhead [2005];(SyFy Original Movie)
Harpies [2007];(SyFy Original Movie)
Haunted High [2012];(SyFy Original Movie)
Headless Horseman [2007];(SyFy Original Movie)
Heatstroke [2008];(SyFy Original Movie)
Heebie Jeebies [2013];(SyFy Original Movie)
Hellhounds [2009];(SyFy Original Movie)
High Moon [2014];(SyFy Original Movie)
High Plains Invaders [2009];(SyFy Original Movie)
Highlander: The Source [2007];(SyFy Original Movie)
Homewrecker [1992];(SyFy Original Movie)
House of Bones [2010];(SyFy Original Movie)
Hunting Hollywood [2010];(SyFy Original Movie)
Hybrid [2007];(SyFy Original Movie)
Hydra [2009];(SyFy Original Movie)
Ice Quake [2010];(SyFy Original Movie)
Ice Road Terror [2011];(SyFy Original Movie)
Ice Spiders [2007];(SyFy Original Movie)
Ice Twisters [2009];(SyFy Original Movie)
In the Spiders Web [2007];(SyFy Original Movie)
Independence Daysaster [2013];(SyFy Original Movie)
Infected [2008];(SyFy Original Movie)
Inside Secret Government Warehouses: Shocking Revelations [2010];(SyFy Original Movie)
Interceptor Force 2 [2002];(SyFy Original Movie)
Into the Unknown with George Noory [2007];(SyFy Original Movie)
Invasion Roswell [2013];(SyFy Original Movie)
Iron Invader [2011];(SyFy Original Movie)
Jabberwock [2011];(SyFy Original Movie)
Jersey Devil [2009];(SyFy Original Movie)
Jersey Shore Shark Attack [2012];(SyFy Original Movie)
Johnny 2.0 [1998];(SyFy Original Movie)
Killer Mountain [2011];(SyFy Original Movie)
Kraken: Tentacles of the Deep [2006];(SyFy Original Movie)
La br�che [1994];(SyFy Original Movie)
Lake Placid 2 [2007];(SyFy Original Movie)
Lake Placid 3 [2010];(SyFy Original Movie)
Lake Placid: The Final Chapter [2012];(SyFy Original Movie)
Lamaze of the Dead [2009];(SyFy Original Movie)
Larva [2005];(SyFy Original Movie)
Leprechaun's Revenge [2012];(SyFy Original Movie)
Lightning Strikes [2009];(SyFy Original Movie)
Lightspeed [2006];(SyFy Original Movie)
Like Father... [2008];(SyFy Original Movie)
Living Hell [2008];(SyFy Original Movie)
Loch Ness Terror [2008];(SyFy Original Movie)
Lockjaw: Rise of the Kulev Serpent [2008];(SyFy Original Movie)
Locusts: The 8th Plague [2005];(SyFy Original Movie)
Lost City Raiders [2008];(SyFy Original Movie)
M.A.N.T.I.S. [1994];(SyFy Original Movie)
Malibu Shark Attack [2009];(SyFy Original Movie)
Mammoth [2006];(SyFy Original Movie)
Man with the Screaming Brain [2005];(SyFy Original Movie)
Mandrake [2010];(SyFy Original Movie)
Maneater [2007];(SyFy Original Movie)
Mansquito [2005];(SyFy Original Movie)
Manticore [2005];(SyFy Original Movie)
Marc Salem's Out of His Mind [2003];(SyFy Original Movie)
Marked [2007];(SyFy Original Movie)
Mega Piranha [2010];(SyFy Original Movie)
Mega Python vs. Gatoroid [2011];(SyFy Original Movie)
Mega Snake [2007];(SyFy Original Movie)
MegaFault [2009];(SyFy Original Movie)
Meltdown [2006];(SyFy Original Movie)
Merlin and the Book of Beasts [2009];(SyFy Original Movie)
Metal Shifters [2011];(SyFy Original Movie)
Metal Tornado [2011];(SyFy Original Movie)
Meteor Storm [2010];(SyFy Original Movie)
Miami Magma [2011];(SyFy Original Movie)
Minotaur [2006];(SyFy Original Movie)
Momentum [2003];(SyFy Original Movie)
Mongolian Death Worm [2010];(SyFy Original Movie)
Monster Ark [2008];(SyFy Original Movie)
Monsterwolf [2010];(SyFy Original Movie)
Morlocks [2011];(SyFy Original Movie)
MorphMan [2005];(SyFy Original Movie)
Mortuary [2005];(SyFy Original Movie)
Mosquito Man [2005];(SyFy Original Movie)
Mothman [2010];(SyFy Original Movie)
Mutants [2008];(SyFy Original Movie)
Mysterious Island [2010];(SyFy Original Movie)
Mystery of the Crystal Skulls [2008];(SyFy Original Movie)
Neverland [2011];(SyFy Original Movie)
New Eden [1994];(SyFy Original Movie)
NYC: Tornado Terror [2008];(SyFy Original Movie)
Odysseus and the Isle of the Mists [2008];(SyFy Original Movie)
Official Denial [1994];(SyFy Original Movie)
Ogre [2008];(SyFy Original Movie)
Open Graves [2009];(SyFy Original Movie)
Organizm [2008];(SyFy Original Movie)
Out for Blood [2004];(SyFy Original Movie)
Painkiller Jane [2005];(SyFy Original Movie)
Paradox Road [2007];(SyFy Original Movie)
Path of Destruction [2005];(SyFy Original Movie)
Pegasus Vs. Chimera [2012];(SyFy Original Movie)
Phantom Force [2004];(SyFy Original Movie)
Phantom Racer [2009];(SyFy Original Movie)
Pioneer 12 [1999];(SyFy Original Movie)
Piranhaconda [2011];(SyFy Original Movie)
Planet Raptor: Raptor Island 2 [2007];(SyFy Original Movie)
Polar Storm [2009];(SyFy Original Movie)
Post Impact [2004];(SyFy Original Movie)
Project Viper [2002];(SyFy Original Movie)
Pterodactyl [2005];(SyFy Original Movie)
Pumpkinhead 4: Blood Feud [2007];(SyFy Original Movie)
Pumpkinhead: Ashes to Ashes [2006];(SyFy Original Movie)
Puppet Master vs Demonic Toys [2004];(SyFy Original Movie)
Python 2 [2002];(SyFy Original Movie)
Rage of the Yeti [2011];(SyFy Original Movie)
Ragin Cajun Redneck Gators [2013];(SyFy Original Movie)
Raptor Island [2004];(SyFy Original Movie)
Raptor Ranch [2013];(SyFy Original Movie)
Ravager [1997];(SyFy Original Movie)
Red Clover [2012];(SyFy Original Movie)
Red: Werewolf Hunter [2010];(SyFy Original Movie)
Reign of the Gargoyles [2007];(SyFy Original Movie)
Revolution [2009];(SyFy Original Movie)
Riddles of the Sphinx [2008];(SyFy Original Movie)
Ring of the Nibelungs [2004];(SyFy Original Movie)
Rise of the Gargoyles [2009];(SyFy Original Movie)
Rise of the Zombies [2012];(SyFy Original Movie)
Riverworld [2003];(SyFy Original Movie)
Riverworld [2010];(SyFy Original Movie)
Roadkill [2011];(SyFy Original Movie)
Robocroc [2013];(SyFy Original Movie)
Rock Monster [2008];(SyFy Original Movie)
S.S. Doomtrooper [2006];(SyFy Original Movie)
Sabretooth [2002];(SyFy Original Movie)
Saint Sinner [2002];(SyFy Original Movie)
Sand Serpents [2009];(SyFy Original Movie)
Sand Sharks [2011];(SyFy Original Movie)
Sands of Oblivion [2007];(SyFy Original Movie)
Sasquatch Mountain [2006];(SyFy Original Movie)
Saurian [2006];(SyFy Original Movie)
Savage Planet [2007];(SyFy Original Movie)
Scarecrow [2013];(SyFy Original Movie)
Scream of the Banshee [2011];(SyFy Original Movie)
Seattle Superstorm [2012];(SyFy Original Movie)
Seeds of Destruction [2011];(SyFy Original Movie)
Shadow of the Blair Witch [2000];(SyFy Original Movie)
Shapeshifter [2005];(SyFy Original Movie)
SharkMan [2005];(SyFy Original Movie)
Sharkmania: The Top 15 Biggest Baddest Bloodiest Bites [2014];(SyFy Original Movie)
Sharknado [2013];(SyFy Original Movie)
Sharknado 2: The Second One [2014];(SyFy Original Movie)
Sharktopus [2010];(SyFy Original Movie)
Sharktopus vs. Pteracuda [2014];(SyFy Original Movie)
Shockwave [2006];(SyFy Original Movie)
Silent Warnings [2003];(SyFy Original Movie)
Sinbad and the Minotaur [2010];(SyFy Original Movie)
Skeleton Man [2004];(SyFy Original Movie)
Slayer [2006];(SyFy Original Movie)
Slipstream [2005];(SyFy Original Movie)
SnakeHead Swamp [2014];(SyFy Original Movie)
Snakehead Terror [2004];(SyFy Original Movie)
Snowmageddon [2011];(SyFy Original Movie)
Something Beneath [2007];(SyFy Original Movie)
Soulkeeper [2001];(SyFy Original Movie)
Species III [2004];(SyFy Original Movie)
Species: The Awakening [2007];(SyFy Original Movie)
Splinter [2008];(SyFy Original Movie)
Spooked: The Ghosts of Waverly Hills Sanatorium [2006];(SyFy Original Movie)
Star 69 [2001];(SyFy Original Movie)
Star Runners [2009];(SyFy Original Movie)
Stargate SG-1: True Science [2006];(SyFy Original Movie)
Stir of Echoes 2: The Homecoming [2007];(SyFy Original Movie)
Stonados [2013];(SyFy Original Movie)
Stonehenge Apocalypse [2010];(SyFy Original Movie)
Super Cyclone [2012];(SyFy Original Movie)
Super Eruption [2011];(SyFy Original Movie)
Super Shark [2011];(SyFy Original Movie)
Super Tanker [2011];(SyFy Original Movie)
Supergator [2007];(SyFy Original Movie)
Swamp Devil [2008];(SyFy Original Movie)
Swamp Shark [2011];(SyFy Original Movie)
Swarmed [2005];(SyFy Original Movie)
T-Rex in L.A. [2006];(SyFy Original Movie)
Tale of the Mummy [1998];(SyFy Original Movie)
Tasmanian Devils [2013];(SyFy Original Movie)
Terminal Invasion [2002];(SyFy Original Movie)
The 12 Disasters of Christmas [2012];(SyFy Original Movie)
The Advanced Guard [1998];(SyFy Original Movie)
The Amazing Screw-On Head [2006];(SyFy Original Movie)
The Apocalypse [1997];(SyFy Original Movie)
The Bermuda Triangle: Startling New Secrets [2005];(SyFy Original Movie)
The Black Hole [2006];(SyFy Original Movie)
The Bone Snatcher [2003];(SyFy Original Movie)
The Colony [1998];(SyFy Original Movie)
The Dunwich Horror [2009];(SyFy Original Movie)
The Eden Formula [2006];(SyFy Original Movie)
The Fallen Ones [2005];(SyFy Original Movie)
The Hidden II [1993];(SyFy Original Movie)
The Hive [2008];(SyFy Original Movie)
The Immortal Voyage of Captain Drake [2009];(SyFy Original Movie)
The Insatiable [2007];(SyFy Original Movie)
The Last Jinn [2010];(SyFy Original Movie)
The Last Sentinel [2007];(SyFy Original Movie)
The Lifeforce Experiment [1994];(SyFy Original Movie)
The Lost Future [2010];(SyFy Original Movie)
The Lost Treasure of the Grand Canyon [2008];(SyFy Original Movie)
The Man with No Eyes [2001];(SyFy Original Movie)
The Materialists [1998];(SyFy Original Movie)
The Mutant Chronicles [2008];(SyFy Original Movie)
The New Roswell: Kecksburg Exposed [2003];(SyFy Original Movie)
The Phantom [2009];(SyFy Original Movie)
The Philadelphia Experiment [2012];(SyFy Original Movie)
The Possessed [2009];(SyFy Original Movie)
The Roswell Crash: Startling New Evidence [2002];(SyFy Original Movie)
The Sea Beast [2008];(SyFy Original Movie)
The Snake King [2005];(SyFy Original Movie)
The Terror Beneath [2011];(SyFy Original Movie)
They Are Among Us [2004];(SyFy Original Movie)
Thor: Hammer of the Gods [2009];(SyFy Original Movie)
Three Inches [2011];(SyFy Original Movie)
Threshold [2003];(SyFy Original Movie)
Tin Man [2007];(SyFy Original Movie)
Titanic II [2010];(SyFy Original Movie)
Tornado Warning [2012];(SyFy Original Movie)
Trapped in Space [1995];(SyFy Original Movie)
Triassic Attack [2010];(SyFy Original Movie)
Troglodyte [2008];(SyFy Original Movie)
True Bloodthirst [2012];(SyFy Original Movie)
Tyrannosaurus Azteca [2007];(SyFy Original Movie)
UFO Invasion at Rendlesham [2003];(SyFy Original Movie)
Vampire Wars [2005];(SyFy Original Movie)
Vampyre Nation [2012];(SyFy Original Movie)
Vipers [2008];(SyFy Original Movie)
Voodoo Moon [2006];(SyFy Original Movie)
W.E.I.R.D. World [1995];(SyFy Original Movie)
War Wolves [2009];(SyFy Original Movie)
Warbirds [2008];(SyFy Original Movie)
Weather Wars [2011];(SyFy Original Movie)
Webs [2003];(SyFy Original Movie)
Witches: The Darkest Evil [2009];(SyFy Original Movie)
Witchville [2010];(SyFy Original Movie)
Within the Rock [1996];(SyFy Original Movie)
Wolvesbayne [2009];(SyFy Original Movie)
Wraiths of Roanoke [2007];(SyFy Original Movie)
Wyvern [2009];(SyFy Original Movie)
Xtinction: Predator X [2010];(SyFy Original Movie)
Yeti: Curse of the Snow Demon [2008];(SyFy Original Movie)
Zombie Apocalypse [2011];(SyFy Original Movie)
Zombie Night [2013];(SyFy Original Movie)
