Artist;Genre
Chips;A Cappella: Alternative Rock
Duke University Pitchforks;A Cappella: Alternative Rock
Elizabethtown College Phalanx;A Cappella: Alternative Rock
Off the Beat (U Penn);A Cappella: Alternative Rock
Off The Beat (U Penn);A Cappella: Alternative Rock
Penny Loafers (U Penn);A Cappella: Alternative Rock
Peter J. Wilhousky;A Cappella: Alternative Rock
Phantoms;A Cappella: Alternative Rock
The Acafellas;A Cappella: Alternative Rock
The Brown Derbies;A Cappella: Alternative Rock
The Flying Pickets;A Cappella: Alternative Rock
The Virginia Gentlemen;A Cappella: Alternative Rock
Tufts University Beelzebubs;A Cappella: Alternative Rock
University Of Virginia Academical Village People;A Cappella: Alternative Rock
Unknown Artist;A Cappella: Alternative Rock
College A Cappella;A Cappella: Classic Rock
The Gentlemen Of The College;A Cappella: Classic Rock
University Of California Berkeley Men's Octet;A Cappella: Classic Rock
University Of Rochester Yellowjackets;A Cappella: Classic Rock
Dion;A Cappella: Doo-Wop
The Spaniels;A Cappella: Doo-Wop
Acappella;A Cappella: Gospel
Cornell University Hangovers;A Cappella: Pop
Margie Gibson;A Cappella: Pop
Pentatonix;A Cappella: Pop
Princeton University Tigertones;A Cappella: Pop
Rockapella;A Cappella: Pop
Stanford University Counterpoint;A Cappella: Pop
The Fleetwoods;A Cappella: Pop
The Nylons;A Cappella: Pop
The Swingle Singers;A Cappella: Pop
University Of California, Los Angeles Awaken A Cappella;A Cappella: Pop
University Of Illinois Other Guys;A Cappella: Pop
University Of Maryland Generics;A Cappella: Pop
Skidmore Bandersnatchers;A Cappella: Pop Rock
University Of Virginia Hullabahoos;A Cappella: Pop Rock
Schrödinger's Cat;A Cappella: R&B
Big Mountain;A Cappella: Reggae
Kelly Howell;Brain-Sync
Lucid Dreaming;Brain-Sync
Beethoven;Classical
Cesare Cantieri, Orchester Der Wiener Volksoper;Classical
Dmitri Dmitrievich Shostakovich;Classical
Fryderyk Chopin;Classical
Johann Sebastian Bach;Classical
Ludwig Van Beethoven;Classical
The Classic Rock String Quartet;Classical
The Hit Crew;Classical
Wolfgang Amadeus Mozart;Classical
Edvard Grieg;Composers
Modest Mussorgsky;Composers
Marco Beltrami;Instrumental
Charlotte Church;Classical Opera
Yoko Shimomura;Classical Piano
A&E Biography;Comedy [Skit]
Bill & Monica;Comedy [Skit]
Bob & Tom;Comedy [Skit]
Bob Zany;Comedy [Skit]
Bud Light;Comedy [Skit]
Dan Greuter;Comedy [Skit]
Dan St. Paul;Comedy [Skit]
Dean & Jerry;Comedy [Skit]
Dick & Hadji;Comedy [Skit]
Duke Tumatoe & Sam Kinison;Comedy [Skit]
Duke Tumatoe & The Power Trio;Comedy [Skit]
Geechy Guy;Comedy [Skit]
Heywood Banks;Comedy [Skit]
Joel Lindley;Comedy [Skit]
John Wing;Comedy [Skit]
Larry King;Comedy [Skit]
Larry Reeb;Comedy [Skit]
Lloyd & Floyd;Comedy [Skit]
Marc Maron;Comedy [Skit]
Matt Weinhold;Comedy [Skit]
Mr. Obvious;Comedy [Skit]
Paul Gilmartin;Comedy [Skit]
Pete Stacker & David Bickler;Comedy [Skit]
Ric Schrader;Comedy [Skit]
Rodney Carrington;Comedy [Skit]
Sean Morey;Comedy [Skit]
Sid & Hadji;Comedy [Skit]
Sid And Bart;Comedy [Skit]
The Chick McGee Experience;Comedy [Skit]
The Electric Amish;Comedy [Skit]
The Love Brothers;Comedy [Skit]
The Mad Armenians;Comedy [Skit]
Tim Cavanagh;Comedy [Skit]
Tim Wilson;Comedy [Skit]
Todd Yohn;Comedy [Skit]
Wild Bill Bauer;Comedy [Skit]
Joe Meek;Comedy: [Answering Machine Message]
Roy D. Mercer;Comedy: [Answering Machine Message]
Elmo & Patsy;Comedy: [Country]
Adam Sandler;Comedy: [Music]
Barnes & Barnes;Comedy: [Music]
Barry Martin;Comedy: [Music]
Bentframe;Comedy: [Music]
Bob Kevoian;Comedy: [Music]
Bob Rivers;Comedy: [Music]
Bowser And Blue;Comedy: [Music]
Brian Haner;Comedy: [Music]
Camp Chaos;Comedy: [Music]
CampChaos;Comedy: [Music]
Capitol Steps;Comedy: [Music]
Clint;Comedy: [Music]
Da Yoopers;Comedy: [Music]
David Crowe;Comedy: [Music]
David Seville;Comedy: [Music]
Dr. Tom Whiskey;Comedy: [Music]
DVDA;Comedy: [Music]
Frank Gallop;Comedy: [Music]
Frank Zappa;Comedy: [Music]
Fred 'August' Campbell & The Spur Of The Moment Band;Comedy: [Music]
Freddie Blassie;Comedy: [Music]
Homer & Jethro;Comedy: [Music]
Ill-Eagles;Comedy: [Music]
James & Kling;Comedy: [Music]
Jeff Dunham;Comedy: [Music]
Jeff Rothpan;Comedy: [Music]
Jim Breuer;Comedy: [Music]
John Fox;Comedy: [Music]
John Valby;Comedy: [Music]
Jump 'N The Saddle Band;Comedy: [Music]
LaBeatos;Comedy: [Music]
Larry Groce;Comedy: [Music]
Lord Carrett;Comedy: [Music]
Mike Stein;Comedy: [Music]
Monty Python;Comedy: [Music]
Napoleon XIV;Comedy: [Music]
Ned And Manson;Comedy: [Music]
Nervous Norvus;Comedy: [Music]
Ozzy Fudd;Comedy: [Music]
Pig Vomit;Comedy: [Music]
Rocky LaPorte;Comedy: [Music]
Rose & The Arrangement;Comedy: [Music]
Rusty Humphries And The Boneheads;Comedy: [Music]
Sarah Silverman;Comedy: [Music]
Shel Silverstein;Comedy: [Music]
Steve Martin & The Toot Uncommons;Comedy: [Music]
Technohippies;Comedy: [Music]
Ted Leo & the Pharmacists;Comedy: [Music]
The Buoys;Comedy: [Music]
The Firm;Comedy: [Music]
The Frantics;Comedy: [Music]
The Lonely Island;Comedy: [Music]
The Playmates;Comedy: [Music]
The Singing Dogs;Comedy: [Music]
The Trashmen;Comedy: [Music]
Tom "T-Bone" Stankus;Comedy: [Music]
Tom Lehrer;Comedy: [Music]
Triumph The Insult Comic Dog;Comedy: [Music]
Weird Al Yankovic;Comedy: [Music]
Zach Galifianakis;Comedy: [Music]
Cledus T. Judd;Comedy: [Music] [Country]
Jimmy Kimmel;Comedy: [Parody]
Jim Florentine;Comedy: [Prank Phone Calls]
The Jerky Boys;Comedy: [Prank Phone Calls]
Psycho Dani Willis;Comedy: [Psycho Voice Mails]
Bud Light Presents (Pete Stacker & David Bickler);Comedy: [Radio Commercials]
Frank & Louie;Comedy: [Radio Commercials]
Comedy;Comedy: [Skit]
Dwight York;Comedy: [Skit]
Evan Davis;Comedy: [Skit]
Howard Stern;Comedy: [Skit]
Lamont & Tonelli;Comedy: [Skit]
Tommy & Rumble;Comedy: [Skit]
Bubba The Love Sponge;Comedy: [Spoken]
Cheech & Chong;Comedy: [Spoken]
Drew Carey;Comedy: [Spoken]
Opie & Anthony;Comedy: [Spoken]
Bill Cosby;Comedy: [Stand-Up]
Bill Engvall;Comedy: [Stand-Up]
Bill Engvall, Jeff Foxworthy & Larry the Cable Guy;Comedy: [Stand-Up]
Bill Hicks;Comedy: [Stand-Up]
Carl LaBove;Comedy: [Stand-Up]
Chris Rock;Comedy: [Stand-Up]
Dane Cook;Comedy: [Stand-Up]
Denis Leary;Comedy: [Stand-Up]
Dennis Leary;Comedy: [Stand-Up]
George Carlin;Comedy: [Stand-Up]
Jeff Foxworthy;Comedy: [Stand-Up]
Joey Coco Diaz;Comedy: [Stand-Up]
Larry the Cable Guy;Comedy: [Stand-Up]
Mitch Hedberg;Comedy: [Stand-Up]
Robin Williams;Comedy: [Stand-Up]
Ron White;Comedy: [Stand-Up]
Sam Kinison;Comedy: [Stand-Up]
Steve Martin;Comedy: [Stand-Up]
Carlos Mencia;Comedy: [Stand-Up] [Full Show]
Dana Carvey;Comedy: [Stand-Up] [Full Show]
Eddie Griffin;Comedy: [Stand-Up] [Full Show]
Eddie Murphy;Comedy: [Stand-Up] [Full Show]
Jerry Seinfeld;Comedy: [Stand-Up] [Full Show]
John Leguizamo;Comedy: [Stand-Up] [Full Show]
Martin Lawrence;Comedy: [Stand-Up] [Full Show]
Richard Pryor;Comedy: [Stand-Up] [Full Show]
Rodney Dangerfield;Comedy: [Stand-Up] [Full Show]
Steven Wright;Comedy: [Stand-Up] [Full Show]
Touch-Tone Terrorists;Comedy: [Telephone Calls]
Rejection Online;Comedy: [Voice Mail]
PsychoEx;Comedy: [Voice Mail]
The Axis Of Awesome;Comedy: Music [Alternative Rock]
The Axis of Awesome;Comedy: Music [Alternative Rock]
The Axis Of Awesome;Comedy: Music [Alternative Rock]
Austin Lounge Lizards;Comedy: Music [Bluegrass]
R. Crumb And His Cheap Suit Serenaders;Comedy: Music [Bluegrass]
Matt Rogers;Comedy: Music [Christmas]
Red Peters;Comedy: Music [Christmas]
The Coon Hunters;Comedy: Music [Country]
Flight Of The Conchords;Comedy: Music [Folk]
Garfunkel And Oates;Comedy: Music [Folk]
Kevin Bloody Wilson;Comedy: Music [Folk]
Beatallica;Comedy: Music [Heavy Metal]
Jim Brewer;Comedy: Music [Heavy Metal]
Aqua;Comedy: Music [Parody]
Hillman Morning Show;Comedy: Music [Parody]
Johnny Crass;Comedy: Music [Parody]
Peter Paul & Mary - All Credit;Comedy: Music [Parody]
S.T.G.;Comedy: Music [Parody]
Schmetallica;Comedy: Music [Parody]
David A. Scott;Comedy: Music [Pop]
Julie Brown;Comedy: Music [Pop]
William Hung;Comedy: Music [Pop]
Nice Peter;Comedy: Music [Rap]
Scott Thompson;Comedy: Music [Rap]
Sidecar;Comedy: Music [Rap]
Wehrmacht;Comedy: Music [Rap]
The Vestibules;Comedy: Music [Rock]
Songify This;Comedy: Music [Songify]
Coach Z;Comedy: Songs [WebSeries]
Limozeen;Comedy: Songs [WebSeries]
Marzipan;Comedy: Songs [WebSeries]
Strong Bad;Comedy: Songs [WebSeries]
Taranchula;Comedy: Songs [WebSeries]
The Kinda Long Haired Band;Comedy: Songs [WebSeries]
What's Her Face;Comedy: Songs [WebSeries]
Aqua Tean Hunger Force;Comedy: TV Show [Cartoon]
Aqua Teen Hunger Force;Comedy: TV Show [Cartoon]
ATHF;Comedy: TV Show [Cartoon]
Family Guy;Comedy: TV Show [Cartoon]
Kanye West;Comedy: TV Show [Cartoon]
Ren & Stimpy;Comedy: TV Show [Cartoon]
Robot Chicken;Comedy: TV Show [Cartoon]
Space Ghost;Comedy: TV Show [Cartoon]
SpongeBob And Plankton;Comedy: TV Show [Cartoon]
SpongeBob SquarePants;Comedy: TV Show [Cartoon]
Stewie Griffin;Comedy: TV Show [Cartoon]
The Simpsons;Comedy: TV Show [Cartoon]
Trey Parker;Comedy: TV Show [Cartoon]
Don Henley;Comedy: TV Show [Live Action]
George Benson;Comedy: TV Show [Live Action]
Jimmy Buffett;Comedy: TV Show [Live Action]
Kermit The Frog;Comedy: TV Show [Live Action]
Linda Ronstadt;Comedy: TV Show [Live Action]
The Crypt Keeper;Comedy: TV Show [Live Action]
The Muppets;Comedy: TV Show [Live Action]
Vince Gill;Comedy: TV Show [Live Action]
Aaron Lewis;Alternative Country
Blackhawk;Alternative Country
Dixie Chicks;Alternative Country
The Nitty Gritty Dirt Band;Bluegrass
The Skillet Lickers;Bluegrass
The Soggy Bottom Boys;Bluegrass
Barry Sadler;Classic Country
C.W. McCall;Classic Country
Charles Manson;Classic Country
Clint Black;Classic Country
David Allan Coe;Classic Country
Dolly Parton;Classic Country
Earl Thomas Conley;Classic Country
Garry Lee & Showdown;Classic Country
George Strait;Classic Country
Jimmy Dean;Classic Country
John Michael Montgomery;Classic Country
Johnny Cash;Classic Country
Kenny Rogers;Classic Country
Reba McEntire;Classic Country
Rosanne Cash;Classic Country
Tennessee Ernie Ford;Classic Country
The Charlie Daniels Band;Classic Country
The Highwaymen;Classic Country
Waylon Jennings;Classic Country
Gary Allan;Contemporary Country
Paul Overstreet;Contemporary Country
Toby Keith;Contemporary Country
The String Cheese Incident;Country: Bluegrass
Aaron Tippin;Modern Country
Alan Jackson;Modern Country
Anita Cochran;Modern Country
Brad Paisley;Modern Country
Brooks & Dunn;Modern Country
Chely Wright;Modern Country
Chris LeDoux;Modern Country
Collin Raye;Modern Country
Darius Rucker;Modern Country
David Kersh;Modern Country
Faith Hill;Modern Country
Garth Brooks;Modern Country
Jo Dee Messina;Modern Country
LeAnn Rimes;Modern Country
Lee Ann Womack;Modern Country
Little Texas;Modern Country
Lonestar;Modern Country
Mark Chesnutt;Modern Country
Mark Wills;Modern Country
Sammy Kershaw;Modern Country
Shania Twain;Modern Country
SHeDAISY;Modern Country
Tim McGraw;Modern Country
Johnny Rebel;Rockabilly
Mike Ness;Rockabilly
Alabama;Southern Country
Haddaway;Eurodance
La Bouche;Eurodance
Bobby Reeves;Hip-Hop
Busta Rhymes;Hip-Hop
Edsel Dope;Hip-Hop
Erik Rogers;Hip-Hop
George Clinton;Hip-Hop
Gisa Vatcky;Hip-Hop
Ice-T;Hip-Hop
Jason Miller;Hip-Hop
Joe Lesté;Hip-Hop
Puff Daddy;Hip-Hop
Ray Orpeza;Hip-Hop
Robbi Robb;Hip-Hop
Adele;R&B
Brandy;R&B
Brian McKnight;R&B
C+C Music Factory;R&B
David Guetta;R&B
En Vogue;R&B
Fugees;R&B
Janet Jackson;R&B
Rihanna;R&B
Seal;R&B
The Temptations;R&B
The Tony Rich Project;R&B
TLC;R&B
Toni Braxton;R&B
2Pac;Rap
50 Cent;Rap
Afroman;Rap
Atmosphere;Rap
Benzino;Rap
Blackstreet;Rap
Bone Thugs-N-Harmony;Rap
Canibus;Rap
Coolio;Rap
D12;Rap
DMX;Rap
Dr. Dre;Rap
Eazy-E;Rap
Emily Ellis;Rap
Eminem;Rap
Eminem ;Rap
Everlast;Rap
Game;Rap
House Of Pain;Rap
Ice Cube;Rap
Iggy Azalea;Rap
Ill Bill;Rap
Insane Clown Posse;Rap
Ja Rule;Rap
JAY Z;Rap
Jermaine Dupri;Rap
Kevin Rudolf;Rap
Kottonmouth Kings;Rap
Kris Kross;Rap
Lil Romeo, Nick Cannon & 3LW;Rap
Lil Wayne;Rap
Lil' Troy;Rap
LL Cool J;Rap
Lordz Of Brooklyn;Rap
Luniz;Rap
Makaveli;Rap
MC Hammer;Rap
N.W.A;Rap
OutKast;Rap
Run-D.M.C.;Rap
Sagat;Rap
Salt-N-Pepa;Rap
Shaggy;Rap
Sir Mix-A-Lot;Rap
Snoop Dogg;Rap
Snow;Rap
Street;Rap
Tag Team;Rap
The 2 Live Crew;Rap
Tone-Lōc;Rap
Trick Daddy;Rap
Vanilla Ice;Rap
Wax;Rap
Will Smith;Rap
Wyclef Jean;Rap
Xzibit;Rap
Beastie Boys;Nu-Metal
Acoustic Rescue.;Instrumental [Acoustic]
Andy McKee;Instrumental [Acoustic]
2Cellos;Instrumental: [Cello]
Casper Smit;Instrumental: [Covers]
Al Pitrelli, Andy Timmons, Brad Gillis & John Petrucci;Instrumental: [Guitar]
Al Pitrelli, Andy Timmons, Brad Gillis & Reb Beach;Instrumental: [Guitar]
Al Pitrelli, Andy Timmons, Brad Gillis, Michael Lee Firkins & Steve Morse;Instrumental: [Guitar]
Al Pitrelli, Brad Gillis, John Petrucci, Michael Lee Firkins, Reb Beach & Steve Morse;Instrumental: [Guitar]
Al Pitrelli, George Lynch, John Petrucci, Michael Lee Firkins & Reb Beach;Instrumental: [Guitar]
Al Pitrelli, George Lynch, Michael Lee Firkins, Reb BeachSteve Morse;Instrumental: [Guitar]
JerryC;Instrumental: [Guitar]
Steve Vai;Instrumental: [Hard Rock]
Marty Friedman;Instrumental: [Heavy Metal]
Michael Angelo Batio;Instrumental: [Heavy Metal]
NESkimos;Instrumental: [Heavy Metal]
The Piano Guys;Instrumental: [Piano]
Morte Macabre;Instrumental: [Progressive Rock]
Nobuo Uematsu;Instrumental: [Video Game]
Taylor Davis;Instrumental: [Video Game]
Studio All-Stars;Instrumental: Chill Out Style
CSGuitar89;Instrumental: Video Game [Guitar]
Joe Barnes;Interview
The Genghis and Ragman Show;Interview
Jon Oliva;Metal: Interviews
Seth MacFarlane;Swing
The Brian Setzer Orchestra;Swing
Art Barduhn;Children
The Penguins of Madagascar;Holiday: Christmas
David Lucas Burge;Lessons: Perfect Pitch
Lightning Round;Lessons: Perfect Pitch
Relative Pitch Ear Training Super Course;Lessons: Relative Pitch
Brett Manning;Lessons: Vocal
LearnXen;Lessons: Vocal (Personal Lessons)
Sound Test;Lessons: Vocal Lessons
Spelling Test;Lessons: Vocal Lessons
4-Thirteen;Local Utah Music
4saken1;Local Utah Music
4Saken1;Local Utah Music
A Balance of Power;Local Utah Music
A Cassandra Utterance;Local Utah Music
A Fist Full of Fingers;Local Utah Music
A Killing Dove (Washington);Local Utah Music
Abby Normal;Local Utah Music
Addam - Wuddawaste;Local Utah Music
Addishole;Local Utah Music
Allyptic;Local Utah Music
Almost Never;Local Utah Music
Amber Alert;Local Utah Music
And Embers Rise;Local Utah Music
AngelFelt;Local Utah Music
Arsenic Addiction;Local Utah Music
Aura Surreal;Local Utah Music
Autostigmatic;Local Utah Music
Autumn Eclipse;Local Utah Music
Babble Rabbit;Local Utah Music
Bad Boys;Local Utah Music
BadStrip (California);Local Utah Music
Ben Bailey;Local Utah Music
Beneath Red Rock;Local Utah Music
Bens Jazz Kit (Washington);Local Utah Music
Bitter Black;Local Utah Music
Blind Iris;Local Utah Music
Blinded By Truth;Local Utah Music
Blu-D - Vil;Local Utah Music
Blue Fix;Local Utah Music
Brake Vegas;Local Utah Music
Broke City;Local Utah Music
Buddha Pie;Local Utah Music
Cave of Roses;Local Utah Music
CCW (Dama-Ged);Local Utah Music
Centrevol (California);Local Utah Music
Christopher Westpark;Local Utah Music
Cirkus;Local Utah Music
Clockwork Illusion;Local Utah Music
Cold Forty Three (California);Local Utah Music
Crutch Money;Local Utah Music
Daemos;Local Utah Music
Dagan;Local Utah Music
Daniel Murtaugh;Local Utah Music
Darkblood;Local Utah Music
DarkNES;Local Utah Music
Darrell (of Meat);Local Utah Music
Dawg Pound;Local Utah Music
Dean Station (New Mexico);Local Utah Music
Dear Stranger;Local Utah Music
Death After Life;Local Utah Music
Denotes (ID);Local Utah Music
Denots (Idaho);Local Utah Music
Deny Your Faith;Local Utah Music
DevXen;Local Utah Music
DevXile;Local Utah Music
Different Breed;Local Utah Music
Dirty Berty;Local Utah Music
Distal;Local Utah Music
Doctor X;Local Utah Music
Dream Cycle;Local Utah Music
Drifen;Local Utah Music
Drool;Local Utah Music
Drooling Dogs;Local Utah Music
Drop Dead Julio;Local Utah Music
Dulcesky;Local Utah Music
ENDever (MT);Local Utah Music
Eric (of Idiocracy;Local Utah Music
Eric (of Idiocracy);Local Utah Music
Eric (of idiocracy);Local Utah Music
Eric (of Idiocracy);Local Utah Music
Erratic Erotica;Local Utah Music
Eye II Eye;Local Utah Music
Eye II Eye (Pre-DevXen);Local Utah Music
Fear of Rejection;Local Utah Music
Fourteen Days From Forever;Local Utah Music
Fox Van Cleef;Local Utah Music
Funk Fu;Local Utah Music
Funnel Head;Local Utah Music
GawdZye;Local Utah Music
Grim Prophecy;Local Utah Music
Hard Knox;Local Utah Music
Harlot;Local Utah Music
Hero's Last Mission (California);Local Utah Music
Hooga;Local Utah Music
Hostyle;Local Utah Music
Hour 13;Local Utah Music
I Am The;Local Utah Music
Idiocracy;Local Utah Music
Incidious;Local Utah Music
Inspiration 4 Insanity;Local Utah Music
Interwined;Local Utah Music
Ivy League;Local Utah Music
Jason Adamo;Local Utah Music
Jed;Local Utah Music
Jesus Rides a Rik'sha;Local Utah Music
Jhonny K;Local Utah Music
Joey Cougar & The Starfish;Local Utah Music
Josh Nielsen;Local Utah Music
Karl Marx;Local Utah Music
Katagory V;Local Utah Music
Katalyst of Disaster;Local Utah Music
Kber All Stars;Local Utah Music
Kevin Burdick;Local Utah Music
King Tree;Local Utah Music
Korene And The Great Danes;Local Utah Music
Kyndldreem (Wyoming);Local Utah Music
Let's Become Actors;Local Utah Music
Level;Local Utah Music
Lid (Washington);Local Utah Music
Lidsore;Local Utah Music
Live In Prequil;Local Utah Music
Lorin Cook;Local Utah Music
Loss of Existence;Local Utah Music
Lotus Ferrari;Local Utah Music
Malignant Inception;Local Utah Music
MANIproject;Local Utah Music
Mark Brotherson;Local Utah Music
Massacre At The Wake;Local Utah Music
Me First and the Gimme Gimmies;Local Utah Music
Means Nothing;Local Utah Music
Meat;Local Utah Music
Meat Wagon;Local Utah Music
Melissa Kelley;Local Utah Music
Melodramus;Local Utah Music
Melody Pulsipher;Local Utah Music
Mesa Drive;Local Utah Music
Metal Tears;Local Utah Music
Monarch;Local Utah Music
Mordechai;Local Utah Music
Mud;Local Utah Music
Mury;Local Utah Music
My Own Time;Local Utah Music
Necrophacus;Local Utah Music
Never Before;Local Utah Music
Nice;Local Utah Music
Nine Even (California);Local Utah Music
Nopium;Local Utah Music
Occidis;Local Utah Music
Off The Veil;Local Utah Music
OldTimer;Local Utah Music
Osiris;Local Utah Music
Patti;Local Utah Music
Peace & Quiet;Local Utah Music
Poetica;Local Utah Music
Postriot;Local Utah Music
Prizm;Local Utah Music
Prizoner;Local Utah Music
Ravings of A Madman;Local Utah Music
Resurrection;Local Utah Music
Reveeler;Local Utah Music
Reverse Halo Effect (Tennesse);Local Utah Music
Riksha;Local Utah Music
RipChain (Idaho);Local Utah Music
RipChain & Idiocracy;Local Utah Music
Royal Blis;Local Utah Music
Royal Bliss;Local Utah Music
Ruckus (California);Local Utah Music
Ruyn;Local Utah Music
Sawed off Smile;Local Utah Music
Separation of Self;Local Utah Music
Seraphim (Mississippi);Local Utah Music
Set Aflame (Texas);Local Utah Music
Seventking;Local Utah Music
Shadowseer;Local Utah Music
Shredbettie;Local Utah Music
Shredmill;Local Utah Music
Simple As Suicide;Local Utah Music
Skychange;Local Utah Music
Smokin' Blues Band;Local Utah Music
Societys Child;Local Utah Music
Somewhat Random;Local Utah Music
Sonic Prophecy;Local Utah Music
Still-Born;Local Utah Music
Sunset Strip;Local Utah Music
Super So Far;Local Utah Music
Swagger;Local Utah Music
Swirl (California);Local Utah Music
Synapse Deffect (Georgia);Local Utah Music
Tanis;Local Utah Music
The Brobecks;Local Utah Music
The Eden Express;Local Utah Music
The Explicit;Local Utah Music
The Fully Blown;Local Utah Music
The Fuzz Plugz;Local Utah Music
The GT's;Local Utah Music
The Krypled;Local Utah Music
The Mark Sexton Band (Nevada);Local Utah Music
The Market;Local Utah Music
The Mighty Curse;Local Utah Music
The New Black 7;Local Utah Music
The Obliterate Plague;Local Utah Music
The Patato Pirates (Colorado);Local Utah Music
The Street;Local Utah Music
The Veil Between (California);Local Utah Music
The Waters Deep Here;Local Utah Music
Theoria (California);Local Utah Music
Three Reasons;Local Utah Music
Tired Life;Local Utah Music
To The Death;Local Utah Music
Tom Vollman (Wisconsin);Local Utah Music
Tommy Had a Vision;Local Utah Music
Tough Tittie;Local Utah Music
Transient;Local Utah Music
Truce;Local Utah Music
Tyler Douglass, Kevin Goldberg, Scottie Lee;Local Utah Music
Typhoid Mary;Local Utah Music
Uncle Scam;Local Utah Music
Uncomfortable Silence;Local Utah Music
Undun;Local Utah Music
Unthinkable Thoughts;Local Utah Music
Until Further Notice;Local Utah Music
Various Artists;Local Utah Music
Velnias;Local Utah Music
Vengeance (MT);Local Utah Music
Vernicious Knid;Local Utah Music
Vertical Skinny;Local Utah Music
Vicious Starfish;Local Utah Music
Victim Effect;Local Utah Music
Vinia;Local Utah Music
Visionary;Local Utah Music
Vocative;Local Utah Music
Wicked Season;Local Utah Music
Wicken Fenn;Local Utah Music
Wild Weasel;Local Utah Music
Will Prater;Local Utah Music
WuddaWaste Drum Track 2008;Local Utah Music
Yayo;Local Utah Music
Alex Gibson;Lullaby Rendition
Andrew Bissell;Lullaby Rendition
Dennis Caplinger;Lullaby Rendition
Jeffrey Miner;Lullaby Rendition
Jordan Lansburg;Lullaby Rendition
Leo Flynn II;Lullaby Rendition
Michael Armstrong;Lullaby Rendition
Rockabye Baby!;Lullaby Rendition
Steven Charles Boone;Lullaby Rendition
Billy Idol Vs. White Zombie;Mashup: [Heavy Metal]
Bon Jovi And More;Mashup: [Heavy Metal]
Bon Jovi Vs. OneRepublic;Mashup: [Heavy Metal]
Carly Rae Jepsen Vs. Katy Perry;Mashup: [Heavy Metal]
Celine Dion Vs. Eminem;Mashup: [Heavy Metal]
Dance Mix;Mashup: [Heavy Metal]
Dance Mix ;Mashup: [Heavy Metal]
Drowning Pool Vs. Rebecca Black;Mashup: [Heavy Metal]
Eminem Vs. Celine Dion;Mashup: [Heavy Metal]
Gwen Stefani Vs. Vanilla Ice;Mashup: [Rap vs. Pop]
Iron Priest;Mashup: [Heavy Metal]
Jessie J vs Katy Perry;Mashup: [Heavy Metal]
Joe Lynn Turner;Mashup: [Heavy Metal]
Judas Maiden;Mashup: [Heavy Metal]
Justin Bieber vs Village People mashup;Mashup: [Heavy Metal]
Justin Bieber Vs. Village People;Mashup: [Heavy Metal]
Linkin Park Vs. Joan Osborne;Mashup: [Heavy Metal]
Megatallica;Mashup: [Heavy Metal]
Metallica;Mashup: [Heavy Metal]
Metallica Vs. Bill Haley & The Comets;Mashup: [Heavy Metal]
Metallideth;Mashup: [Heavy Metal]
NWA;Mashup: [Heavy Metal]
One Direction Vs. Puddle of Mudd;Mashup: [Heavy Metal]
RHCP Vs. Queen & David Bowie;Mashup: [Heavy Metal]
TaskMaster;Mashup: [Heavy Metal]
TV Mashup;Mashup: [TV]
Van Halen Vss House of Pain;Mashup: [Heavy Metal]
Nine Inch Nails;Mashup: [Alternative Pop]
Van Canto;A Cappella: Power Metal
Vocalis;A Cappella: Power Metal
Avenged Sevenfold;Alternative Metal
Breed 77;Alternative Metal
Corey Taylor;Alternative Metal
Life Of Agony;Alternative Metal
Seasons After;Alternative Metal
Sevendust;Alternative Metal
Stone Sour;Alternative Metal
System Of A Down;Alternative Metal
Tool;Alternative Metal
Cradle Of Filth;Death Metal
Dethklok;Death Metal
Anathema;Doom Metal
Disbelief;Doom Metal
Eyehategod;Doom Metal
Nemesis;Doom Metal
Yakuza;Experimental Metal
Korpiklaani;Folk Metal
Primus;Funk Metal
After Forever;Gothic Metal
Atrocity;Gothic Metal
Blutengel;Gothic Metal
Entwine;Gothic Metal
Havayoth;Gothic Metal
Lacuna Coil;Gothic Metal
Leaves' Eyes;Gothic Metal
Lullacry;Gothic Metal
Marilyn Manson;Gothic Metal
Moonspell;Gothic Metal
Sentenced;Gothic Metal
Sirenia;Gothic Metal
Theatre Of Tragedy;Gothic Metal
Tiamat;Gothic Metal
To/Die/For;Gothic Metal
Type O Negative;Gothic Metal
Faith No More;Hard Rock
Lemmy Kilmister;Hard Rock
Pretty Maids;Hard Rock
Queensrÿche;Hard Rock
Atreyu;Hardcore
Botch;Hardcore
Bullet For My Valentine;Hardcore
Children Of Bodom;Hardcore
Earth Crisis;Hardcore
Evergreen Terrace;Hardcore
It Dies Today;Hardcore
Sever Your Ties;Hardcore
The Agony Scene;Hardcore
Accept;Heavy Metal
Adele vs Evanescence;Heavy Metal
Adrenaline Mob;Heavy Metal
Anvil;Heavy Metal
Arch Enemy;Heavy Metal
Armored Saint;Heavy Metal
ArThRoPod;Heavy Metal
Arwen;Heavy Metal
Avatar;Heavy Metal
Axel Rudi Pell;Heavy Metal
Axenstar;Heavy Metal
Behemoth;Heavy Metal
Beto Vázquez Infinity;Heavy Metal
Billy Sheehan;Heavy Metal
Black Label Society;Heavy Metal
Black Sabbath;Heavy Metal
Black Tide;Heavy Metal
Blitzkrieg;Heavy Metal
Body Count;Heavy Metal
Bol TrouE;Heavy Metal
Borknagar;Heavy Metal
Bruce Dickinson;Heavy Metal
Burden Of Grief;Heavy Metal
Cacophony;Heavy Metal
Callejon;Heavy Metal
Celesty;Heavy Metal
Chris Jericho;Heavy Metal
Chris Poland;Heavy Metal
Chuck Billy;Heavy Metal
Corrosion Of Conformity;Heavy Metal
Coven;Heavy Metal
Crematory;Heavy Metal
Crimson Glory;Heavy Metal
crystal viper;Heavy Metal
Danzig;Heavy Metal
Dark Age;Heavy Metal
Dark Tranquillity;Heavy Metal
Dave Mustaine;Heavy Metal
Death Angel;Heavy Metal
Dee Snider;Heavy Metal
Destruction;Heavy Metal
DevilDriver;Heavy Metal
Dez Fafara;Heavy Metal
Diamond Head;Heavy Metal
Die Apokalyptischen Reiter;Heavy Metal
Digger;Heavy Metal
Dio;Heavy Metal
Dio Disciples;Heavy Metal
Doro;Heavy Metal
Doug Pinnick;Heavy Metal
Down;Heavy Metal
Dragonland;Heavy Metal
Dreadful Shadows;Heavy Metal
Driver;Heavy Metal
Elias Soriano;Heavy Metal
Enemy Logic;Heavy Metal
Eric Bloom;Heavy Metal
F5;Heavy Metal
Fight;Heavy Metal
Finntroll;Heavy Metal
Flotsam And Jetsam;Heavy Metal
Fozzy;Heavy Metal
Freternia;Heavy Metal
Geoff Tate;Heavy Metal
Godsmack;Heavy Metal
Graham Bonnet;Heavy Metal
Grave Digger;Heavy Metal
Green Jellö;Heavy Metal
Grim Reaper;Heavy Metal
Grimey L;Heavy Metal
Gumbi;Heavy Metal
Halford;Heavy Metal
Harem Scarem;Heavy Metal
Hear 'N Aid;Heavy Metal
Hellacopters;Heavy Metal
Helloween;Heavy Metal
Hellyeah;Heavy Metal
Highlord;Heavy Metal
Holocaust;Heavy Metal
Host;Heavy Metal
Hypocrisy;Heavy Metal
Icarus Witch;Heavy Metal
ICS Vortex;Heavy Metal
Impellitteri;Heavy Metal
In Flames;Heavy Metal
Iommi;Heavy Metal
Iron Maiden;Heavy Metal
Iron Savior;Heavy Metal
Jeff Scott Soto;Heavy Metal
Johnny C&U2;Heavy Metal
Jon Oliva's Pain;Heavy Metal
Judas Priest;Heavy Metal
Killswitch Engage;Heavy Metal
King Diamond;Heavy Metal
Lajon Witherspoon;Heavy Metal
Lonnie Jordan;Heavy Metal
Manimal;Heavy Metal
Manowar;Heavy Metal
Marq Torien;Heavy Metal
Max Morton;Heavy Metal
Medieval Steel;Heavy Metal
Mercyful Fate;Heavy Metal
Metal Church;Heavy Metal
Motorhead;Heavy Metal
Motörhead;Heavy Metal
Motorjesus;Heavy Metal
Neaera;Heavy Metal
Newsted;Heavy Metal
Oni Logan;Heavy Metal
Ozzy Osbourne;Heavy Metal
Page Hamilton;Heavy Metal
Pamela Moore;Heavy Metal
Paragon;Heavy Metal
Paul Di'Anno;Heavy Metal
Perry Farrell & DVDA;Heavy Metal
Pist.On;Heavy Metal
Pist*On;Heavy Metal
Powergod;Heavy Metal
Praying Mantis;Heavy Metal
Primal Fear;Heavy Metal
Priya Panda;Heavy Metal
Quiet Riot;Heavy Metal
Rage;Heavy Metal
Rat Attack;Heavy Metal
Raven;Heavy Metal
Rebel Meets Rebel;Heavy Metal
Red Wine;Heavy Metal
Rob Halford;Heavy Metal
Saxon;Heavy Metal
Sepultura;Heavy Metal
Sinner;Heavy Metal
Sodom;Heavy Metal
Soilwork;Heavy Metal
Somnus;Heavy Metal
Steel Attack;Heavy Metal
Steel Dragon;Heavy Metal
Steve Grimmett;Heavy Metal
Sully Erna;Heavy Metal
SummerFlu (Henry Font);Heavy Metal
Sup;Heavy Metal
Sweet Savage;Heavy Metal
Tarot;Heavy Metal
Ten Masked Men;Heavy Metal
Testament;Heavy Metal
The Iron Maidens;Heavy Metal
The Jackals;Heavy Metal
The New Black;Heavy Metal
The Sword;Heavy Metal
The Widders;Heavy Metal
Therion;Heavy Metal
Tim "Ripper" Owens;Heavy Metal
Toxoplasma;Heavy Metal
Trauma;Heavy Metal
Tricky;Heavy Metal
Trivium;Heavy Metal
U.D.O.;Heavy Metal
Vhäldemar;Heavy Metal
Virgin Steele;Heavy Metal
Volbeat;Heavy Metal
Vyper;Heavy Metal
Warlock;Heavy Metal
White Wizzard;Heavy Metal
White Zombie;Heavy Metal
Widowmaker;Heavy Metal
Witchmaster;Heavy Metal
Yngwie J. Malmsteen;Heavy Metal
Your Demise;Heavy Metal
Zakk Wylde;Heavy Metal
2wo;Industrial Metal
Celldweller;Industrial Metal
Criss Angel;Industrial Metal
Deadstar Assembly;Industrial Metal
Deadsy;Industrial Metal
Device;Industrial Metal
Die Krupps;Industrial Metal
Dope;Industrial Metal
Fear Factory;Industrial Metal
Filter;Industrial Metal
Gravity Kills;Industrial Metal
Killing Joke;Industrial Metal
KMFDM;Industrial Metal
Laibach;Industrial Metal
Lollipop Lust Kill;Industrial Metal
Mindless Self Indulgence;Industrial Metal
Ministry;Industrial Metal
Ministry And Co-Conspirators;Industrial Metal
One-Way Mirror;Industrial Metal
Orbital;Industrial Metal
Orgy;Industrial Metal
Powerman 5000;Industrial Metal
Psychic TV;Industrial Metal
Puscifer;Industrial Metal
Rammstein;Industrial Metal
Raunchy;Industrial Metal
Rob Zombie;Industrial Metal
Snake River Conspiracy;Industrial Metal
Stabbing Westward;Industrial Metal
The Defiled;Industrial Metal
Torsten Rasch;Industrial Metal
Zeromancer;Industrial Metal
Hellsongs;Lounge Metal
Crazy Town;Nu-Metal
David Draiman;Nu-Metal
Deftones;Nu-Metal
Disturbed;Nu-Metal
Drowning Pool;Nu-Metal
Exilia;Nu-Metal
Factory 81;Nu-Metal
Hollywood Undead;Nu-Metal
Hybrid Theory [Pre-Linkin Park];Nu-Metal
Ill Niño;Nu-Metal
Kid Rock;Nu-Metal
Kittie;Nu-Metal
Korn;Nu-Metal
KoRn;Nu-Metal
Korn;Nu-Metal
Limp Bizkit;Nu-Metal
Linkin Park;Nu-Metal
Mudvayne;Nu-Metal
Mushroomhead;Nu-Metal
Nonpoint;Nu-Metal
P.O.D.;Nu-Metal
Papa Roach;Nu-Metal
Slipknot;Nu-Metal
Snot;Nu-Metal
Taproot;Nu-Metal
The Union Underground;Nu-Metal
Aina;Power Metal
Alestorm;Power Metal
Almah;Power Metal
Altaria;Power Metal
Angel Dust;Power Metal
Angra;Power Metal
Annihilator;Power Metal
Arcane (AUS);Power Metal
Astral Doors;Power Metal
At Vance;Power Metal
Athorn;Power Metal
Avantasia;Power Metal
Avatar (Pre-Savatage);Power Metal
Axxis;Power Metal
Ayreon;Power Metal
Beyond Fear;Power Metal
Blind Guardian;Power Metal
Brainstorm;Power Metal
Catch the Rainbow;Power Metal
Charred Walls Of The Damned;Power Metal
Chris Caffery;Power Metal
Circle II Circle;Power Metal
Crown of Thorns;Power Metal
Crystal Eyes;Power Metal
Dan Swanö / Peter Tägtgren;Power Metal
Dawn Of Destiny;Power Metal
Demons & Wizards;Power Metal
Destiny's End;Power Metal
Doctor Butcher;Power Metal
Domain;Power Metal
Dragonforce;Power Metal
DragonForce;Power Metal
Dream Evil;Power Metal
Eden's Curse;Power Metal
Edge Of Paradise;Power Metal
Edguy;Power Metal
Empires Of Eden;Power Metal
Enola Gay;Power Metal
Evergrey;Power Metal
Evil Masquerade;Power Metal
Falconer;Power Metal
Fates Warning;Power Metal
Firewind;Power Metal
Galloglass;Power Metal
Gamma Ray;Power Metal
Gods Of Fire;Power Metal
Gothic Knights;Power Metal
HammerFall;Power Metal
Heavenly;Power Metal
Herman Frank;Power Metal
Holy Mother;Power Metal
Hypersonic;Power Metal
Iced Earth;Power Metal
Infinity Overture;Power Metal
InnerWish;Power Metal
Innerwish;Power Metal
Insania;Power Metal
Intense;Power Metal
Iron Fire;Power Metal
Iron Mask;Power Metal
Jacobs Dream;Power Metal
Jag Panzer;Power Metal
Jorn;Power Metal
Kamelot;Power Metal
Kotipelto;Power Metal
Leverage;Power Metal
Machines Of Grace;Power Metal
Maegi;Power Metal
Magica;Power Metal
Mägo De Oz;Power Metal
Manticora;Power Metal
Masterplan;Power Metal
Metalium;Power Metal
Mob Rules;Power Metal
Mystic Prophecy;Power Metal
Nightmare;Power Metal
Nikolo Kotzev;Power Metal
Nocturnal Rites;Power Metal
Norther;Power Metal
Oliva;Power Metal
Pegazus;Power Metal
Perzonal War;Power Metal
Powerglove;Power Metal
Psycrence;Power Metal
Pyramaze;Power Metal
Raintime;Power Metal
RAM;Power Metal
Rebellion;Power Metal
Revolution Renaissance;Power Metal
Rhapsody Of Fire;Power Metal
Rob Rock;Power Metal
Ross The Boss;Power Metal
Royal Jester;Power Metal
Russell Allen;Power Metal
Russell Allen / Jørn Lande;Power Metal
Sabaton;Power Metal
Sanctuary;Power Metal
Savage Circus;Power Metal
Savatage;Power Metal
Serenity;Power Metal
Seven Witches;Power Metal
Sinergy;Power Metal
Solitude Aeturnus;Power Metal
Sonata Arctica;Power Metal
Sons Of Liberty;Power Metal
Sons of Liberty;Power Metal
Soulspell;Power Metal
Steel Prophet;Power Metal
StormWarrior;Power Metal
Stratovarius;Power Metal
Symphony X;Power Metal
Thunderstone;Power Metal
Timo Tolkki;Power Metal
Timo Tolkki's Avalon;Power Metal
Triosphere;Power Metal
Turisas;Power Metal
Unrest;Power Metal
Virtuocity;Power Metal
Warrel Dane;Power Metal
Winters Bane;Power Metal
Wolfpakk;Power Metal
Zonata;Power Metal
Abydos;Progressive Metal
Adagio;Progressive Metal
Age Of Nemesis;Progressive Metal
Amorphis;Progressive Metal
Andromeda;Progressive Metal
Andy Rowland & Ant Law;Progressive Metal
Anubis Gate;Progressive Metal
Arjen Anthony Lucassen;Progressive Metal
Ark;Progressive Metal
Artension;Progressive Metal
Between The Buried And Me;Progressive Metal
Beyond Twilight;Progressive Metal
Brian Wherry;Progressive Metal
Daisuke Kurosawa;Progressive Metal
Death;Progressive Metal
Derek Sherinian;Progressive Metal
Devin Townsend;Progressive Metal
Dream Theater;Progressive Metal
Eric Clemenzi;Progressive Metal
Eternity X;Progressive Metal
Green Carnation;Progressive Metal
Halcyon Way;Progressive Metal
Into Eternity;Progressive Metal
James LaBrie;Progressive Metal
Jeff Loomis;Progressive Metal
John Petrucci;Progressive Metal
John Petrucci & Jordan Rudess;Progressive Metal
Lana Lane;Progressive Metal
Linear Sphere Theater;Progressive Metal
Mastodon;Progressive Metal
Millenium;Progressive Metal
Mundanus Imperium;Progressive Metal
Nevermore;Progressive Metal
Opeth;Progressive Metal
Orphaned Land;Progressive Metal
Pain Of Salvation;Progressive Metal
Protest The Hero;Progressive Metal
Redemption;Progressive Metal
Richard Campbell;Progressive Metal
Royal Hunt;Progressive Metal
Section A;Progressive Metal
Seventh Wonder;Progressive Metal
Shadow Gallery;Progressive Metal
Spiral Architect;Progressive Metal
Stream of Passion;Progressive Metal
Tim Donahue;Progressive Metal
Transcendence;Progressive Metal
Týr;Progressive Metal
USM;Progressive Metal
Zero Hour;Progressive Metal
A Static Lullaby;Screamo
Devil Sold His Soul;Screamo
Motionless In White;Screamo
Rise To Remain;Screamo
Yashin;Screamo
Apocalyptica;Symphonic Metal
Apocalyptica ;Symphonic Metal
Dimmu Borgir;Symphonic Metal
Edenbridge;Symphonic Metal
Epica;Symphonic Metal
Haggard;Symphonic Metal
Nightwish;Symphonic Metal
Northern Kings;Symphonic Metal
Sahara Dust;Symphonic Metal
Tarja;Symphonic Metal
Trans-Siberian Orchestra;Symphonic Metal
Trillium;Symphonic Metal
True Symphonic Rockestra;Symphonic Metal
Van Helsing's Curse;Symphonic Metal
Within Temptation;Symphonic Metal
Acid Drinkers;Thrash Metal
Anthrax;Thrash Metal
Damageplan;Thrash Metal
Dead On;Thrash Metal
Evile;Thrash Metal
Exodus;Thrash Metal
Five Finger Death Punch;Thrash Metal
GWAR;Thrash Metal
Holochaust;Thrash Metal
James Hetfield;Thrash Metal
Joey Belladonna;Thrash Metal
John Bush;Thrash Metal
Kreator;Thrash Metal
Lich King;Thrash Metal
Machine Head;Thrash Metal
MD.45;Thrash Metal
Megadeth;Thrash Metal
Megadeth ;Thrash Metal
Nuclear Assault;Thrash Metal
Pantera;Thrash Metal
Prong;Thrash Metal
Risk;Thrash Metal
Sabbat;Thrash Metal
Savage Messiah;Thrash Metal
Scatterbrain;Thrash Metal
Shadows Fall;Thrash Metal
Slayer;Thrash Metal
Soulfly;Thrash Metal
Tankard;Thrash Metal
Vader;Thrash Metal
Warrant [German];Thrash Metal
Tomorrow's Eve;Progressive Metal
Jewel;Alternative Pop
Moby;Alternative Pop
Natalie Imbruglia;Alternative Pop
OMC;Alternative Pop
Sarah McLachlan;Alternative Pop
Savage Garden;Alternative Pop
The Cardigans;Alternative Pop
Avril Lavigne;Alternative Rock
Ace Of Base;Eurodance
Band Ohne Namen;Eurodance
Eiffel 65;Eurodance
Schnuffel;Eurodance
Shinehead;Eurodance
The Medic Droid;Eurodance
Gloria Estefan;Latin Pop
Los Lobos;Latin Pop
Ricky Martin;Latin Pop
Shakira;Latin Pop
Pat Boone;Lounge Rock
Enya;New Wave
A-Ha;New Wave
ABBA;New Wave
Baltimora;New Wave
Berlin;New Wave
Blondie;New Wave
Carl Douglas;New Wave
Cindy Lauper;New Wave
Cutting Crew;New Wave
Cyndi Lauper;New Wave
David Bowie;New Wave
Depeche Mode;New Wave
Dexys Midnight Runners;New Wave
Divinyls;New Wave
Duran Duran;New Wave
Eurythmics;New Wave
Falco;New Wave
Frankie Goes To Hollywood;New Wave
Hall & Oates;New Wave
Heaven 17;New Wave
Jon Schmidt;New Wave
Men At Work;New Wave
Mr. Mister;New Wave
Nena;New Wave
New Order;New Wave
Orchestral Manoeuvres In The Dark;New Wave
Pet Shop Boys;New Wave
Phil Collins;New Wave
Pretenders;New Wave
Real Life;New Wave
Richard O'Brien;New Wave
Rick Astley;New Wave
Right Said Fred;New Wave
Robert Palmer;New Wave
Roxette;New Wave
Scissor Sisters;New Wave
Soft Cell;New Wave
Soft Cell Vs. Club 69;New Wave
Starship;New Wave
Tangerine Dream;New Wave
Tears For Fears;New Wave
The Boyfriends;New Wave
The Cure;New Wave
The Outfield;New Wave
The Smiths;New Wave
Toni Basil;New Wave
Wall Of Voodoo;New Wave
Wham!;New Wave
All Saints;Pop Music
Aly & AJ;Pop Music
Bonnie Tyler;Pop Music
Britney Spears;Pop Music
Céline Dion;Pop Music
Cher;Pop Music
Demi Lovato;Pop Music
Donna Lewis;Pop Music
Elton John;Pop Music
Jennifer Lopez;Pop Music
Jo Li;Pop Music
Joe;Pop Music
Jon Bon Jovi;Pop Music
Juliana Stein;Pop Music
Katy Perry;Pop Music
Ke$ha;Pop Music
Kelly Clarkson;Pop Music
Madonna;Pop Music
Mariah Carey;Pop Music
Michael Jackson;Pop Music
Nancy Sinatra;Pop Music
NSYNC;Pop Music
Olivia Newton-John;Pop Music
P!nk;Pop Music
Paula Abdul;Pop Music
Sheryl Crow;Pop Music
Slim Thug;Pop Music
Spice Girls;Pop Music
The Bangles;Pop Music
Tiffany;Pop Music
U.S.A. For Africa;Pop Music
Vanessa Carlton;Pop Music
Waikiki Beach Bombers;Pop Music
William Shatner;Spoken Word
Acoustic Alchemy;Acoustic Rock
Disconnected;Acoustic Rock
Maiden United;Acoustic Rock
Nils Lofgren;Acoustic Rock
Pat DiNizio;Acoustic Rock
Rock Aid Armenia;Acoustic Rock
Tom Cochrane;Acoustic Rock
Tracy Chapman;Acoustic Rock
58;Alternative Rock
311;Alternative Rock
12 Stones;Alternative Rock
3 Doors Down;Alternative Rock
333 Boyz;Alternative Rock
4 Non Blondes;Alternative Rock
4gotten Morb;Alternative Rock
A Perfect Circle;Alternative Rock
Adelitas Way;Alternative Rock
Alanis Morissette;Alternative Rock
Alien Ant Farm;Alternative Rock
Alter Bridge;Alternative Rock
Ani DiFranco;Alternative Rock
Annie Lennox;Alternative Rock
Anouk & Sarah Bettens;Alternative Rock
Audioslave;Alternative Rock
Barenaked Ladies;Alternative Rock
Beck;Alternative Rock
Ben Folds Five;Alternative Rock
Better Than Ezra;Alternative Rock
Bif Naked;Alternative Rock
Bloodhound Gang;Alternative Rock
Blur;Alternative Rock
Bowling For Soup;Alternative Rock
Breaking Benjamin;Alternative Rock
Buckcherry;Alternative Rock
Butch Walker;Alternative Rock
Butthole Surfers;Alternative Rock
Cake;Alternative Rock
Caroline's Spine;Alternative Rock
Cavo;Alternative Rock
Chad Kroeger;Alternative Rock
Chad Kroeger Ft. Josey Scott;Alternative Rock
Chantal Kreviazuk;Alternative Rock
Chevelle;Alternative Rock
Chrissie;Alternative Rock
Chumbawamba;Alternative Rock
Cold;Alternative Rock
Coldplay;Alternative Rock
Collective Soul;Alternative Rock
Counting Crows;Alternative Rock
Cracker;Alternative Rock
Cranberries;Alternative Rock
Crash Test Dummies;Alternative Rock
Creed;Alternative Rock
Crossfade;Alternative Rock
Crumz Deep & Third Rate;Alternative Rock
Damien Blaise;Alternative Rock
Daughtry;Alternative Rock
Dave Grohl;Alternative Rock
Default;Alternative Rock
Des'ree;Alternative Rock
Devil Dudes;Alternative Rock
Dido;Alternative Rock
Digital Summer;Alternative Rock
Dishwalla;Alternative Rock
DJ Marijuana Weed;Alternative Rock
dj mdmHEY;Alternative Rock
Dynamite Hack;Alternative Rock
Econoline Crush;Alternative Rock
EMF;Alternative Rock
Evans Blue;Alternative Rock
Eve 6;Alternative Rock
Everclear;Alternative Rock
Extreme Animals;Alternative Rock
Fastball;Alternative Rock
Feeder;Alternative Rock
Finger Eleven;Alternative Rock
Five For Fighting;Alternative Rock
Flyleaf;Alternative Rock
Foo Fighters;Alternative Rock
Franky Perez;Alternative Rock
Fuel;Alternative Rock
Geoff Geis featuring Dalton Blanco;Alternative Rock
Giantkiller;Alternative Rock
Gigi Alien;Alternative Rock
Gin Blossoms;Alternative Rock
Goo Goo Dolls;Alternative Rock
Gorillaz;Alternative Rock
Gotye;Alternative Rock
Graveyard Train;Alternative Rock
Green Day;Alternative Rock
Guster;Alternative Rock
Hangnail;Alternative Rock
Hawk Eyes;Alternative Rock
Hinder;Alternative Rock
Hoobastank;Alternative Rock
Hootie & The Blowfish;Alternative Rock
Human Waste Project;Alternative Rock
I.E.;Alternative Rock
Ice Cube & Mack 10;Alternative Rock
Incubus;Alternative Rock
ISSUE;Alternative Rock
Jane's Addiction;Alternative Rock
Janus;Alternative Rock
Jars of Clay;Alternative Rock
Jars Of Clay;Alternative Rock
Jesus Jones;Alternative Rock
Jet;Alternative Rock
Jimmie's Chicken Shack;Alternative Rock
Joan Osborne;Alternative Rock
Josie And The Pussycats;Alternative Rock
Kelly Osbourne;Alternative Rock
Kings Of Leon;Alternative Rock
Kokomo;Alternative Rock
Large Talons;Alternative Rock
Leesha Harvey;Alternative Rock
Lennon Murphy;Alternative Rock
Lenny Kravitz;Alternative Rock
Lifehouse;Alternative Rock
Lit;Alternative Rock
Live;Alternative Rock
LostAlone;Alternative Rock
Lostprophets;Alternative Rock
Luscious Jackson;Alternative Rock
Mad Season;Alternative Rock
Marcy Playground;Alternative Rock
Marvelous 3;Alternative Rock
Matchbox Twenty;Alternative Rock
Matthew Good Band;Alternative Rock
Meredith Brooks;Alternative Rock
Miggs;Alternative Rock
Mighty Joe Plum;Alternative Rock
Miser;Alternative Rock
My Darkest Days;Alternative Rock
Myles Cooper;Alternative Rock
Natalie Merchant;Alternative Rock
Nickelback;Alternative Rock
Nine Days;Alternative Rock
Nirvana;Alternative Rock
No Doubt;Alternative Rock
Oasis;Alternative Rock
Okapi Akimbo;Alternative Rock
Oleander;Alternative Rock
Ossian Winningham and Linda Carpenter;Alternative Rock
Otep;Alternative Rock
Our Lady Peace;Alternative Rock
Placebo;Alternative Rock
Pop Evil;Alternative Rock
Primitive Radio Gods;Alternative Rock
Projected Twin;Alternative Rock
Puddle Of Mudd;Alternative Rock
Pushing Up Daisies;Alternative Rock
R.E.M.;Alternative Rock
Radio Shock;Alternative Rock
Radiohead;Alternative Rock
Rage Against The Machine;Alternative Rock
Red;Alternative Rock
Red Five;Alternative Rock
Red Hot Chili Peppers;Alternative Rock
Redlight King;Alternative Rock
Redline Chemistry;Alternative Rock
Robbie Williams;Alternative Rock
Ryan Adams;Alternative Rock
S.L. Hitchcox featuring C.N. Haynes;Alternative Rock
Saliva;Alternative Rock
Santana;Alternative Rock
Saving Abel;Alternative Rock
Scott Stapp;Alternative Rock
Scott Weiland;Alternative Rock
Sean Carnage;Alternative Rock
Seether;Alternative Rock
Semisonic;Alternative Rock
Seven Mary Three;Alternative Rock
Shaman's Harvest;Alternative Rock
Shawn Mullins;Alternative Rock
Shinedown;Alternative Rock
Sick Puppies;Alternative Rock
Simo Soo;Alternative Rock
Since October;Alternative Rock
Sinéad O'Connor;Alternative Rock
Sixpence None The Richer;Alternative Rock
Skillet;Alternative Rock
Slave To The System;Alternative Rock
Smash Mouth;Alternative Rock
Smith & Myers;Alternative Rock
Sophie Ellis Bextor;Alternative Rock
Soul Asylum;Alternative Rock
Spacehog;Alternative Rock
Sparklehorse;Alternative Rock
Spiderbait;Alternative Rock
Spin Doctors;Alternative Rock
Sponge;Alternative Rock
SR-71;Alternative Rock
Stab City;Alternative Rock
Staind;Alternative Rock
Stereo MCs;Alternative Rock
Stereoside;Alternative Rock
Steve Carell;Alternative Rock
Stone Temple Pilots;Alternative Rock
Sublime;Alternative Rock
Sugar Ray;Alternative Rock
Tantric;Alternative Rock
The Asteroids Galaxy Tour;Alternative Rock
The Black Mollys;Alternative Rock
The Cranberries;Alternative Rock
The Flaming Lips;Alternative Rock
The Flys;Alternative Rock
The Killers;Alternative Rock
The Mutton Birds;Alternative Rock
The Offspring;Alternative Rock
The Presidents Of The United States Of America;Alternative Rock
The Proclaimers;Alternative Rock
The Rembrandts;Alternative Rock
The Shining;Alternative Rock
The Smashing Pumpkins;Alternative Rock
The Stone Roses;Alternative Rock
The Veer Union;Alternative Rock
The Verve Pipe;Alternative Rock
The Wallflowers;Alternative Rock
Theory Of A Deadman;Alternative Rock
Third Eye Blind;Alternative Rock
Three Days Grace;Alternative Rock
Thug Entrancer;Alternative Rock
tik\\\tik;Alternative Rock
Time For Climate Justice;Alternative Rock
Toad The Wet Sprocket;Alternative Rock
Toadies;Alternative Rock
Tonic;Alternative Rock
Tori Amos;Alternative Rock
total dicks;Alternative Rock
Tracy Bonham;Alternative Rock
Train;Alternative Rock
Trapt;Alternative Rock
Treasure Mammal;Alternative Rock
Trick Pony;Alternative Rock
TRUSTcompany;Alternative Rock
U.P.O.;Alternative Rock
U2;Alternative Rock
UB40;Alternative Rock
Unbekannt;Alternative Rock
Uncle Kracker;Alternative Rock
V.A.S.T.;Alternative Rock
Vertical Horizon;Alternative Rock
Veruca Salt;Alternative Rock
Violent Femmes;Alternative Rock
Weezer;Alternative Rock
Wino & Conny Ochs;Alternative Rock
Wise Crack;Alternative Rock
Yanou Ft. Do;Alternative Rock
Young Guns;Alternative Rock
BB King;Blues Rock
Blues Traveler;Blues Rock
Brand New Sin;Blues Rock
Buddy Guy;Blues Rock
Edgar Winter [Feat. Slash];Blues Rock
George Thorogood;Blues Rock
Grace Potter & The Nocturnals;Blues Rock
Joey Ramone;Blues Rock
Kenny Wayne Shepherd;Blues Rock
Kenny Wayne Shepherd Band;Blues Rock
Michael Monroe;Blues Rock
Robben Ford;Blues Rock
Ronnie Wood;Blues Rock
Rory Gallagher;Blues Rock
Roy Buchanan;Blues Rock
Stevie Ray Vaughan;Blues Rock
Taking Dawn;Blues Rock
The Black Keys;Blues Rock
Tony Cardenas-Montana;Blues Rock
Virginmarys, The;Blues Rock
Alice Cooper;Classic Rock
America;Classic Rock
Bad Company;Classic Rock
Blue Öyster Cult;Classic Rock
Bob Dylan;Classic Rock
Bob Seger & The Silver Bullet Band;Classic Rock
Boston;Classic Rock
Bruce Springsteen;Classic Rock
Cheap Trick;Classic Rock
Cliff Richard;Classic Rock
Cream;Classic Rock
Creedence Clearwater Revival;Classic Rock
Deep Purple;Classic Rock
Dire Straits;Classic Rock
Don McLean;Classic Rock
Eagles;Classic Rock
Eddie Money;Classic Rock
Eric Clapton;Classic Rock
Foreigner;Classic Rock
Geddy Lee & Alex Lifeson;Classic Rock
George Harrison;Classic Rock
Grand Funk Railroad;Classic Rock
Gregg Allman;Classic Rock
Iron Butterfly;Classic Rock
Jimi Hendrix;Classic Rock
Joe Cocker;Classic Rock
Josh Homme;Classic Rock
Journey;Classic Rock
Justin Hayward;Classic Rock
Kansas;Classic Rock
Led Zeppelin;Classic Rock
Lynyrd Skynyrd;Classic Rock
Manfred Mann;Classic Rock
Manfred Mann's Earth Band;Classic Rock
Nazareth;Classic Rock
Neil Young;Classic Rock
Pat Benatar;Classic Rock
Paul McCartney;Classic Rock
Pink Floyd;Classic Rock
Queen;Classic Rock
Rainbow [Dio];Classic Rock
REO Speedwagon;Classic Rock
Rick Springfield;Classic Rock
Ringo Starr;Classic Rock
Robert Levon Been;Classic Rock
Robert Plant;Classic Rock
Rod Stewart;Classic Rock
Roger Daltrey;Classic Rock
Roger McGuinn;Classic Rock
Simon & Garfunkel;Classic Rock
Stevie Nicks;Classic Rock
Styx;Classic Rock
The Animals;Classic Rock
The Beatles;Classic Rock
The Doors;Classic Rock
The Guess Who;Classic Rock
The Jimi Hendrix Experience;Classic Rock
The Rolling Stones;Classic Rock
The Who;Classic Rock
Thin Lizzy;Classic Rock
Tina Turner;Classic Rock
Tom Petty And The Heartbreakers;Classic Rock
Zager & Evans;Classic Rock
ZZ Top;Classic Rock
Electric Elves [Dio];Doo-Wap
Elf [Dio];Doo-Wap
Ronnie and the Prophets [Dio];Doo-Wap
Ronnie And The Red Caps [Dio];Doo-Wap
Ronnie Dio And The Prophets [Dio];Doo-Wap
The Elves [Dio];Doo-Wap
The Dubliners;Folk Rock
Mediæval Bæbes;Folk Rock: Medieval
Fun Lovin' Criminals;Funk Rock
Jamiroquai;Funk Rock
Patrick & Eugene;Funk Rock
Suicidal Tendancies;Funk Rock
Suicidal Tendencies;Funk Rock
War;Funk Rock
Alex Skolnick Trio;Jazz-Fusion
Chick Corea Quartet;Fusion Rock
Alien Sex Fiend;Gothic Rock
Amy Lee;Gothic Rock
Evanescence;Gothic Rock
Gerard McMann;Gothic Rock
HIM;Gothic Rock
The Sisters Of Mercy;Gothic Rock
Voltaire;Gothic Rock
Alice In Chains;Grunge Rock
Alice in Chains;Grunge Rock
Alice In Chains;Grunge Rock
Blind Melon;Grunge Rock
Bush;Grunge Rock
Candlebox;Grunge Rock
Chris Cornell;Grunge Rock
Class Of '99;Grunge Rock
Days of The New;Grunge Rock
DoubleDrive;Grunge Rock
Downface;Grunge Rock
Hole;Grunge Rock
Jerry Cantrell;Grunge Rock
Local H;Grunge Rock
Lovemongers;Grunge Rock
Meat Puppets;Grunge Rock
Pearl Jam;Grunge Rock
Redbelly;Grunge Rock
Silverchair;Grunge Rock
Soundgarden;Grunge Rock
Spys4Darwin;Grunge Rock
Temple Of The Dog;Grunge Rock
The Nixons;Grunge Rock
Travis Meeks;Grunge Rock
36 Crazyfists;Hard Rock
AC/DC;Hard Rock
Aerosmith;Hard Rock
Aiden;Hard Rock
Alain Johannes;Hard Rock
Aldo Nova;Hard Rock
Alexisonfire;Hard Rock
Ali Tornado;Hard Rock
Alias;Hard Rock
Allyria;Hard Rock
Anberlin;Hard Rock
Andrew W.K.;Hard Rock
Angel City Outlaws;Hard Rock
Another Animal;Hard Rock
April Wine;Hard Rock
Arcade;Hard Rock
Asphalt Ballet;Hard Rock
Autograph;Hard Rock
Babylon A.D.;Hard Rock
Bad English;Hard Rock
Bang Tango;Hard Rock
Baton Rouge;Hard Rock
Big Bad Wolf;Hard Rock
Billy Gibbons;Hard Rock
Billy Idol;Hard Rock
Billy Klippert;Hard Rock
Billy Squier;Hard Rock
Black 'N Blue;Hard Rock
Black Spiders;Hard Rock
Black Stone Cherry;Hard Rock
Black Veil Brides;Hard Rock
Bob Catley;Hard Rock
Bon Jovi;Hard Rock
Bon Scott;Hard Rock
Bonfire;Hard Rock
Bonham;Hard Rock
Brad Gillis;Hard Rock
Brazen Abbot;Hard Rock
Bret Michaels;Hard Rock
Brian Johnson & Geordie;Hard Rock
Brides Of Destruction;Hard Rock
Britny Fox;Hard Rock
Britton;Hard Rock
Broken Teeth;Hard Rock
Brother Cane;Hard Rock
Bruce Kulick;Hard Rock
Budgie;Hard Rock
BulletBoys;Hard Rock
Bulletboys;Hard Rock
BulletBoys;Hard Rock
Buzz Osborne;Hard Rock
C4 (Michael Angelo Batio);Hard Rock
Cherie Currie;Hard Rock
Chickenfoot;Hard Rock
Chris Goss;Hard Rock
Christina Kartsonakis;Hard Rock
Cinderella;Hard Rock
CKY;Hard Rock
Contraband;Hard Rock
Corey Craven;Hard Rock
Corrosion of Conformity;Hard Rock
Coven, Pitrelli, O'Reilly;Hard Rock
Crystal Rain;Hard Rock
Cybernauts;Hard Rock
Damn Yankees;Hard Rock
Danger Danger;Hard Rock
Dangerous Toys;Hard Rock
Dave Meniketti (Y&T);Hard Rock
David Lee Roth;Hard Rock
David Victor;Hard Rock
Def Leppard;Hard Rock
Derek Davis;Hard Rock
Dirty Looks;Hard Rock
Dirty Rhythm;Hard Rock
Dokken;Hard Rock
Don Dokken;Hard Rock
Doug Aldrich;Hard Rock
Dragonslayer;Hard Rock
Dropkick Murphys;Hard Rock
Duff McKagan;Hard Rock
Dweezil Zappa;Hard Rock
Earl Slick;Hard Rock
Electric Boys;Hard Rock
Enuff Z'Nuff;Hard Rock
Enuff Z'nuff;Hard Rock
Enuff Z'Nuff;Hard Rock
Eric Cartman;Hard Rock
Eric Martin;Hard Rock
Eternya;Hard Rock
Europe;Hard Rock
Every Mother's Nightmare;Hard Rock
Extreme;Hard Rock
Eyes;Hard Rock
Faced Like A Crow;Hard Rock
Fall Out Boy;Hard Rock
Faster Pussycat;Hard Rock
Fatal Smile;Hard Rock
Finch;Hard Rock
Fiona;Hard Rock
Firehouse;Hard Rock
Foever Say Die!;Hard Rock
Framing Hanley;Hard Rock
Fred Coury;Hard Rock
Fu Manchu;Hard Rock
Fudge Tunnel;Hard Rock
Gary Jules;Hard Rock
Gene Simmons;Hard Rock
Genitorturers;Hard Rock
George Lynch;Hard Rock
Giant;Hard Rock
Gilby Clarke;Hard Rock
Girlschool;Hard Rock
Glenn Hughes;Hard Rock
Golden Earring;Hard Rock
Goldfinger;Hard Rock
Great White;Hard Rock
Grey DeLisle;Hard Rock
Guns N' Roses;Hard Rock
Gunzoo;Hard Rock
H.E.A.T;Hard Rock
Halestorm;Hard Rock
Hanoi Rocks;Hard Rock
Hardline;Hard Rock
He Is Legend;Hard Rock
Heart;Hard Rock
Heavens Edge;Hard Rock
Hericane Alice;Hard Rock
Herman Rarebell & Friends;Hard Rock
Hollywood Rose;Hard Rock
Honeymoon Suite;Hard Rock
Hugo;Hard Rock
Hurricane;Hard Rock
I Set My Friends On Fire;Hard Rock
Ian Gillan;Hard Rock
In Fear And Faith;Hard Rock
Jack Blades;Hard Rock
Jack Russell;Hard Rock
Jackyl;Hard Rock
Jake E. Lee;Hard Rock
Jani Lane;Hard Rock
Jason Mraz;Hard Rock
Jason Scheff;Hard Rock
Jeff Beck All Stars;Hard Rock
Jeff Pilson;Hard Rock
Jesse Strange;Hard Rock
Jetboy;Hard Rock
Jimmy Crespo;Hard Rock
Jimmy Page;Hard Rock
Jimmy Page & Eric Clapton;Hard Rock
Jizzy Pearl;Hard Rock
Joan Jett And The Blackhearts;Hard Rock
Joe Elliott;Hard Rock
Joey C. Jones And The Glory Hounds;Hard Rock
John Corabi;Hard Rock
John Norum;Hard Rock
John West;Hard Rock
Johnny Ramone;Hard Rock
Kelly Hansen;Hard Rock
Kevin DuBrow;Hard Rock
Killer Dwarfs;Hard Rock
Kingdom Come;Hard Rock
Kip Winger;Hard Rock
KISS;Hard Rock
Kix;Hard Rock
Kory Clarke;Hard Rock
Krokus;Hard Rock
L.A. Guns;Hard Rock
Leatherwolf;Hard Rock
Lee Ving;Hard Rock
Liberty N' Justice;Hard Rock
Lisa Loeb;Hard Rock
Lita Ford;Hard Rock
Living Colour;Hard Rock
Load Point Pull;Hard Rock
Loverboy;Hard Rock
Lynch Mob;Hard Rock
Lynch/Pilson;Hard Rock
Mardo;Hard Rock
Marie Digby;Hard Rock
Mark Slaughter;Hard Rock
Matthew Sweet;Hard Rock
McAuley-Schenker Group;Hard Rock
McQueen Street;Hard Rock
Metal Skool;Hard Rock
Michael Schenker;Hard Rock
Mick Mars;Hard Rock
Mike Tramp;Hard Rock
Mitch Malloy;Hard Rock
Monster Magnet;Hard Rock
Morning Wood;Hard Rock
Motherlode;Hard Rock
Mötley Crüe;Hard Rock
Mr. Big;Hard Rock
Muddy Waters;Hard Rock
Neil Zaza;Hard Rock
Nelson;Hard Rock
Neurotica;Hard Rock
New Found Glory;Hard Rock
Night Ranger;Hard Rock
Operation: Mindcrime;Hard Rock
Operator;Hard Rock
Pat Travers;Hard Rock
Paul Gilbert;Hard Rock
Paul Shortino;Hard Rock
Phil Campbell;Hard Rock
Phil Lewis;Hard Rock
Pink Cream 69;Hard Rock
Poison;Hard Rock
Pretty Boy Floyd;Hard Rock
Prophet;Hard Rock
Psycho Motel;Hard Rock
Ratt;Hard Rock
Red Rider;Hard Rock
Rev Theory;Hard Rock
Richard Kendrick;Hard Rock
Richie Sambora;Hard Rock
Rick Derringer;Hard Rock
Riot;Hard Rock
Ript;Hard Rock
Robby Valentine;Hard Rock
Robin McAuley;Hard Rock
Robin Zander;Hard Rock
Rock Star Supernova;Hard Rock
Rock Sugar;Hard Rock
Rockstar Superstar Project;Hard Rock
Rollins Band;Hard Rock
Ronnie Montrose;Hard Rock
Roxx Gang;Hard Rock
Roxy Blue;Hard Rock
Rubber Biscuit;Hard Rock
Rush;Hard Rock
Russ Dwarf;Hard Rock
Saigon Kick;Hard Rock
Saints & Sinners;Hard Rock
Sammy Hagar;Hard Rock
Scary Kids Scaring Kids;Hard Rock
School Of Rock;Hard Rock
Scorpions;Hard Rock
Sebastian Bach;Hard Rock
Seventh Rize;Hard Rock
Shawn Coleman;Hard Rock
Shotgun Messiah;Hard Rock
Shy;Hard Rock
Shy England;Hard Rock
Silvertide;Hard Rock
Sin City All Stars;Hard Rock
SingSing;Hard Rock
Sixx A M;Hard Rock
Sixx A.M.;Hard Rock
Sixx:A.M.;Hard Rock
Skid Row;Hard Rock
Slash;Hard Rock
Slash's Snakepit;Hard Rock
Slaughter;Hard Rock
Slave Raider;Hard Rock
Sleeze Beez;Hard Rock
Smear Campaign;Hard Rock
Southgang;Hard Rock
Spike;Hard Rock
Spooks Illustrated;Hard Rock
Steel Panther;Hard Rock
Steelheart;Hard Rock
Stephen Pearcy;Hard Rock
Steve "Lips" Kudlow;Hard Rock
Steve Jones;Hard Rock
Steve Lukather;Hard Rock
Steve Morse;Hard Rock
Steve Plunkett;Hard Rock
Steve Whiteman;Hard Rock
Stevie Rachelle;Hard Rock
Stone Fury;Hard Rock
Stryper;Hard Rock
Sundogs;Hard Rock
Supersuckers;Hard Rock
Switchfoot;Hard Rock
T&N;Hard Rock
Talisman;Hard Rock
Ted Nugent;Hard Rock
Tenacious D;Hard Rock
Tesla;Hard Rock
The 69 Eyes;Hard Rock
The All-American Rejects;Hard Rock
The Batfish Boys;Hard Rock
The Cult;Hard Rock
The Demonstration;Hard Rock
The Jason Bonham Band;Hard Rock
The Law;Hard Rock
The Lone Rangers;Hard Rock
The Poor;Hard Rock
The Scream;Hard Rock
The Snakes;Hard Rock
The Storm;Hard Rock
The Sweet;Hard Rock
The Vandals;Hard Rock
The Vibrators;Hard Rock
Theory of a Deadman;Hard Rock
Thinking Aloud;Hard Rock
Thrice;Hard Rock
Thunder;Hard Rock
TNT;Hard Rock
Tom Keifer;Hard Rock
Tommy Aldridge;Hard Rock
Tommy Lee;Hard Rock
Tommy Shaw;Hard Rock
Tommy Shaw / Jack Blades;Hard Rock
Tony Janflone Jr;Hard Rock
Tooga;Hard Rock
Tora Tora;Hard Rock
Tramp's White Lion;Hard Rock
Triumph;Hard Rock
Trixter;Hard Rock
Tuff;Hard Rock
Twisted Sister;Hard Rock
UFO;Hard Rock
Ugly Kid Joe;Hard Rock
Ummagumma;Hard Rock
Union;Hard Rock
Utada Hikaru;Hard Rock
Vagabond;Hard Rock
Valentine;Hard Rock
Van Halen;Hard Rock
Vayden;Hard Rock
Velocity;Hard Rock
Velvet Revolver;Hard Rock
Victory;Hard Rock
Vince Neil;Hard Rock
Vinnie Vincent;Hard Rock
Vinnie Vincent Invasion;Hard Rock
Vixen;Hard Rock
Von Groove;Hard Rock
W.A.S.P.;Hard Rock
Warrant;Hard Rock
Warrior Soul;Hard Rock
White Lion;Hard Rock
Whitesnake;Hard Rock
Whitfield Crane;Hard Rock
Wild Side [Norwegian Band];Hard Rock
Wildside;Hard Rock
Winger;Hard Rock
Winter Rose;Hard Rock
XYZ;Hard Rock
Y&T (Yesterday & Today);Hard Rock
Young Gunns (Wildside);Hard Rock
Murderdolls;Horror Punk
The Misfits;Horror Punk
Alex Skolnick;Jazz Rock
Louis Armstrong And His Hot Seven;Jazz Rock
Lounge Cafe Moskva In The Mix;Lounge Rock
Elvis Presley;Oldies
Daniele Liverani;Progressive Metal
Adrian Belew;Progressive Rock
Aviator;Progressive Rock
Billy Sherwood;Progressive Rock
Bobby Kimball;Progressive Rock
Edgar Winter;Progressive Rock
Fair To Midland;Progressive Rock
Garry Green;Progressive Rock
Geaf Downes;Progressive Rock
Geddy Lee;Progressive Rock
Greg Lake;Progressive Rock
Ian Anderson;Progressive Rock
Jethro Tull;Progressive Rock
John Wetton;Progressive Rock
Larry Fast;Progressive Rock
Malcom McDowell;Progressive Rock
Peter Banks;Progressive Rock
Rick Wakeman;Progressive Rock
Steve Howe;Progressive Rock
Synergy;Progressive Rock
The American Breed;Psychedelic Rock
AFI;Punk Rock
Anti-Nowhere League;Punk Rock
Bad Religion;Punk Rock
Box Car Racer;Punk Rock
Buster Poindexter And His Banshees Of Blue;Punk Rock
Dayglo Abortions;Punk Rock
Discharge;Punk Rock
Donots;Punk Rock
Down By Law;Punk Rock
Face To Face;Punk Rock
Generation X;Punk Rock
Ghoti Hook;Punk Rock
Gob;Punk Rock
Good Charlotte;Punk Rock
Gus;Punk Rock
Hi-STANDARD;Punk Rock
Home Grown;Punk Rock
Less Than Jake;Punk Rock
Me First And The Gimme Gimmes;Punk Rock
Me First And The Gimmie Gimmies;Punk Rock
Millencolin;Punk Rock
MxPx;Punk Rock
No Use For A Name;Punk Rock
NOFX;Punk Rock
Pennywise;Punk Rock
Phantom Rockers;Punk Rock
Ramones;Punk Rock
Rise Against;Punk Rock
Sex Pistols;Punk Rock
Sleater-Kinney;Punk Rock
Snuff;Punk Rock
Social Distortion;Punk Rock
Spazzys;Punk Rock
Strawberry Slaughterhouse;Punk Rock
Sum 41;Punk Rock
Swindle;Punk Rock
Ten Foot Pole;Punk Rock
Than Jake;Punk Rock
The Alley Cats;Punk Rock
The Ataris;Punk Rock
The Bouncing Souls;Punk Rock
The Clash;Punk Rock
The Donnas;Punk Rock
The Get Up Kids;Punk Rock
The Living End;Punk Rock
The Sequence;Punk Rock
The Twistin' Tarantulas;Punk Rock
Roy Orbison;Rockabilly
Stray Cats;Rockabilly
Hayseed Dixie;Rockgrass
Alan Hovhaness;Science: [Music]
Antonio Vivaldi;Science: [Music]
Galt MacDermot;Science: [Music]
Gottfried Finger;Science: [Music]
Gustav Holst;Science: [Music]
Igor Stravinsky;Science: [Music]
Johann Pachelbel;Science: [Music]
Nikolai Rimsky-Korsakov;Science: [Music]
John Boswell;Science: [Music]
Symphony of Science;Science: [Music]
Attaboy Skip;Ska
Catch 22;Ska
Heptet;Ska
Reel Big Fish;Ska
Ruder Than You;Ska
Save Ferris;Ska
SkaDaddyZ;Ska
Skavoovie & The Epitones;Ska
The Arrogant Sons Of Bitches;Ska
The Mighty Mighty Bosstones;Ska
Air Supply;Soft Rock
Billy Joel;Soft Rock
Bryan Adams;Soft Rock
Joe Harnell;Soft Rock
Kenny Loggins;Soft Rock
Michael Bublé;Soft Rock
Michael McDonald;Soft Rock
Neil Diamond;Soft Rock
Richard Marx;Soft Rock
Sting;Soft Rock
The Carpenters;Soft Rock
Wilson Pickett;Soft Rock
Yes;Soft Rock
Jesse James Dupree;Southern Rock
John Mellencamp;Southern Rock
Laidlaw;Southern Rock
Little Feat;Southern Rock
Moon Dog Mane;Southern Rock
Pride & Glory [Limited Edition];Southern Rock
The Allman Brothers Band;Southern Rock
The Black Crowes;Southern Rock
Failure;Space Rock
Nik Turner;Space Rock
The Beach Boys;Surf Rock
NASA Voyager Recordings;NASA [Music]
Vangelis;New Age
Carl Sagan;Science
Isao Tomita;Science
Nasa;Space Sounds
John F. Kennedy;Spoken & Audio
Anjey Satori;Meditative
Dobie Gray;Northern Soul
Apollo 440;Dance
The Immortals;Dance
Tiësto;Dance
Utah Saints;Dance
Warp Brothers;Dance
