They Call Us Misfits [1968];[Unsimulated Sex]
Dom kallar oss mods [1968];[Unsimulated Sex]
Quiet Days in Clichy [1970];[Unsimulated Sex]
Stille dage i Clichy [1970];[Unsimulated Sex]
Hotel by the Hour [1970];[Unsimulated Sex]
Das Stundenhotel von St. Pauli [1970];[Unsimulated Sex]
Sweet Sweetback's Baadasssss Song [1971];[Unsimulated Sex]
W.R - Mysteries of the Organism [1971];[Unsimulated Sex]
W.R. - Misterije organizma [1971];[Unsimulated Sex]
Pink Flamingos [1972];[Unsimulated Sex]
Thriller: A Cruel Picture [1974];[Unsimulated Sex]
Thriller - en grym film [1974];[Unsimulated Sex]
Naked for Satan [1974];[Unsimulated Sex]
Nuda per Satana [1974];[Unsimulated Sex]
Der må være en sengekant [1975];[Unsimulated Sex]
In The Realm of the Senses [1976];[Unsimulated Sex]
Ai no korîda [1976];[Unsimulated Sex]
A Real Young Girl [1976];[Unsimulated Sex]
Une vraie jeune fille [1976];[Unsimulated Sex]
Bedside Sailors [1976];[Unsimulated Sex]
Sømænd på sengekanten [1976];[Unsimulated Sex]
Behind Convent Walls [1978];[Unsimulated Sex]
Interno di un convento [1978];[Unsimulated Sex]
The ABC of Love and Sex: Australia Style [1978];[Unsimulated Sex]
Caligula [1979];[Unsimulated Sex]
Images in a Convent [1979];[Unsimulated Sex]
Immagini di un convento [1979];[Unsimulated Sex]
Cruising [1980];[Unsimulated Sex]
Spetters [1980];[Unsimulated Sex]
Fruits of Passion [1981];[Unsimulated Sex]
Les fruits de la passion [1981];[Unsimulated Sex]
Devil in the Flesh [1986];[Unsimulated Sex]
Diavolo in corpo [1986];[Unsimulated Sex]
All Ladies Do It [1992];[Unsimulated Sex]
Cosi fan tutte [1992];[Unsimulated Sex]
Shatter Dead [1994];[Unsimulated Sex]
A Single Girl [1995];[Unsimulated Sex]
La Fille seule [1995];[Unsimulated Sex]
The Life of Jesus [1997];[Unsimulated Sex]
La vie de Jésus [1997];[Unsimulated Sex]
The Idiots AKA Dogme #2 [1998];[Unsimulated Sex]
Idioterne [1998];[Unsimulated Sex]
Fiona [1998];[Unsimulated Sex]
Pola X [1999];[Unsimulated Sex]
Romance [1999];[Unsimulated Sex]
Jezus is een Palestijn [1999];[Unsimulated Sex]
Jesus Is a Palestinian [1999];[Unsimulated Sex]
La donna lupo [1999];[Unsimulated Sex]
Guardami [1999];[Unsimulated Sex]
Rape Me [2000];[Unsimulated Sex]
Baise-moi [2000];[Unsimulated Sex]
Mistress Frankenstein [2000];[Unsimulated Sex]
Sex and Lucia [2001];[Unsimulated Sex]
Lucía y el Sexo [2001];[Unsimulated Sex]
Dog Days [2001];[Unsimulated Sex]
Hundstage [2001];[Unsimulated Sex]
Intimacy [2001];[Unsimulated Sex]
The pornographer [2001];[Unsimulated Sex]
Le pornographe [2001];[Unsimulated Sex]
The Center of the World [2001];[Unsimulated Sex]
Irréversible [2002];[Unsimulated Sex]
Ken Park [2002];[Unsimulated Sex]
Blissfully Yours [2002];[Unsimulated Sex]
Sud sanaeha [2002];[Unsimulated Sex]
La novia de Lázaro [2002];[Unsimulated Sex]
The Brown Bunny [2003];[Unsimulated Sex]
9 Songs [2004];[Unsimulated Sex]
Antares [2004];[Unsimulated Sex]
The Raspberry Reich [2004];[Unsimulated Sex]
Anatomy of Hell [2004];[Unsimulated Sex]
Anatomie de l'enfer [2004];[Unsimulated Sex]
Kärlekens språk 2000 [2004];[Unsimulated Sex]
Síndrome [2004];[Unsimulated Sex]
Lie with Me [2005];[Unsimulated Sex]
The Wayward Cloud [2005];[Unsimulated Sex]
Tian bian yi duo yun [2005];[Unsimulated Sex]
Battle in Heaven [2005];[Unsimulated Sex]
Batalla en el cielo [2005];[Unsimulated Sex]
Inside Deep Throat [2005];[Unsimulated Sex]
All About Anna [2005];[Unsimulated Sex]
Princesses [2005];[Unsimulated Sex]
Princesas [2005];[Unsimulated Sex]
Shortbus [2006];[Unsimulated Sex]
Ex Drummer [2007];[Unsimulated Sex]
The Night Buffalo [2007];[Unsimulated Sex]
El Búfalo de la Noche [2007];[Unsimulated Sex]
Import/Export [2007];[Unsimulated Sex]
The Story of Richard O [2007];[Unsimulated Sex]
L'histoire de Richard O. [2007];[Unsimulated Sex]
An Adventure [2008];[Unsimulated Sex]
À l'aventure [2008];[Unsimulated Sex]
Antichrist [2009];[Unsimulated Sex]
The Band [2009];[Unsimulated Sex]
Dogtooth [2009];[Unsimulated Sex]
Kynodontas [2009];[Unsimulated Sex]
Human Zoo [2009];[Unsimulated Sex]
Now & Later [2009];[Unsimulated Sex]
Skin. Like. Sun. [2009];[Unsimulated Sex]
Des jours plus belles que la nuit [2009];[Unsimulated Sex]
LelleBelle [2010];[Unsimulated Sex]
Leap Year [2010];[Unsimulated Sex]
Año bisiesto [2010];[Unsimulated Sex]
Bedways [2010];[Unsimulated Sex]
Gandu [2010];[Unsimulated Sex]
Desire [2011];[Unsimulated Sex]
Q [2011];[Unsimulated Sex]
Caged [2011];[Unsimulated Sex]
Hotel Desire [2011];[Unsimulated Sex]
Klip [2012];[Unsimulated Sex]
Love Actually... Sucks! [2012];[Unsimulated Sex]
Ai Hen Lan [2012];[Unsimulated Sex]
Sexual Chronicles of a French Family [2012];[Unsimulated Sex]
Chroniques sexuelles d'une famille d'aujourd'hui [2012];[Unsimulated Sex]
Young and Wild [2012];[Unsimulated Sex]
Joven y alocada [2012];[Unsimulated Sex]
