-= Action =-;
Supergirl;Action
;
-= Magic Shows =-;
Close Up Kings;Magic Shows
The Carbonaro Effect;Magic Shows
;
-= Music =-;
Rock Profile;Music
;
-= Science-Fiction =-;
The X-Files;Science-Fiction
;
-=Drama=-;
Vampire High;Drama
Supernatural;Drama
Riverdale;Drama
Good Girls;Drama
;
;;
-= Horror =-;
Ash vs Evil Dead;Horror
Being Human (US);Horror
Bitten;Horror
Dexter;Horror
Dracula;Horror
Friday the 13th: The Series;Horror
From Dusk Till Dawn: The Series;Horror
Hannibal;Horror
Haven;Horror
Helix;Horror
Lost Girl;Horror
Masters of Horror;Horror
Monsters;Horror
Penny Dreadful;Horror
Salem;Horror
Kingdom Hospital;Horror
The Mist;Horror
The Walking Dead;Horror
Todd & The Book Of Pure Evil;Horror
True Blood;Horror
Under the Dome;Horror
American Horror Story;Horror
Holliston;Horror
The Strain;Horror
Kindred: The Embraced;Horror
Z Nation;Horror
;
;
-= Misc =-;;
Cathouse: The Series;Misc
Femme Fatales;Misc
Forbidden Science;Misc
Hot Babes Doing Stuff Naked;Misc
Hot Sluts;Misc
Life On Top;Misc
Lingerie;Misc
Live Nude Comedy;Misc
Porno Valley;Misc
The Erotic Traveler;Misc
The Girl's Guide to Depravity;Misc
;
-= Reality =-;;
Epic Meal Empire;Reality
Double Divas;Reality
Fact or Faked: Paranormal Files;Reality
Full Throttle Saloon;Reality
Kenny Hotz's Triumph of the Will;Reality
Meltdown;Reality
Reality Bites Back;Reality
Redneck Island;Reality
Start-ups: Silicon Valley;Reality
The Wil Wheaton Project;Reality
Who Gets the Last Laugh?;Reality
Urban Legends;Reality
Tosh.0;Reality
The Capones;Reality
Undercover Boss (US);Reality
Wahlburgers;Reality
Kenny Vs. Spenny;Reality
Hotel Hell;Reality
Little Women: LA;Reality
Kenny vs. Spenny;Reality
Town of the Living Dead;Reality
Heroes of Cosplay;Reality
Tiny House, Big Living;Reality
Beyond Survival With Les Stroud;Reality
Naked and Afraid XL;Reality
Robot Wars (2016);Reality
;
;
-= Science-Fiction =-;;
Black Mirror;Science-Fiction
Doctor Who (2005);Science-Fiction
;
;;
-= Comedy/Sitcoms =-;
2 Broke Girls;Comedy/[Sitcoms]
1600 Penn;Comedy/[Sitcoms]
Accidentally On Purpose;Comedy/[Sitcoms]
American Body Shop;Comedy/[Sitcoms]
Andy Richter Controls the Universe;Comedy/[Sitcoms]
Anger Management;Comedy/[Sitcoms]
Awkward.;Comedy/[Sitcoms]
Bill & Ted's Excellent Adventures (1992);Comedy/[Sitcoms]
Clarissa Explains It All;Comedy/[Sitcoms]
Clueless;Comedy/[Sitcoms]
Community;Comedy/[Sitcoms]
Cougar Town;Comedy/[Sitcoms]
Dharma & Greg;Comedy/[Sitcoms]
Dog Bites Man;Comedy/[Sitcoms]
Faking It (2014);Comedy/[Sitcoms]
Ferris Bueller;Comedy/[Sitcoms]
Flying Blind;Comedy/[Sitcoms]
The George Carlin Show;Comedy/[Sitcoms]
Greg the Bunny;Comedy/[Sitcoms]
Happily Divorced;Comedy/[Sitcoms]
Happy Endings;Comedy/[Sitcoms]
Hot in Cleveland;Comedy/[Sitcoms]
How I Met Your Mother;Comedy/[Sitcoms]
I Hate My Teenage Daughter;Comedy/[Sitcoms]
Kirstie;Comedy/[Sitcoms]
Lucky Louie;Comedy/[Sitcoms]
Mom;Comedy/[Sitcoms]
New Girl;Comedy/[Sitcoms]
Nikki;Comedy/[Sitcoms]
It's Garry Shandling's Show;Comedy/[Sitcoms]
Just Shoot Me;Comedy/[Sitcoms]
Men at Work;Comedy/[Sitcoms]
NewsRadio;Comedy/[Sitcoms]
Out of This World;Comedy/[Sitcoms]
Outsourced;Comedy/[Sitcoms]
Parker Lewis Can't Lose;Comedy/[Sitcoms]
Rodney;Comedy/[Sitcoms]
Sabrina The Teenage Witch;Comedy/[Sitcoms]
Samantha Who?;Comedy/[Sitcoms]
$#*! My Dad Says;Comedy/[Sitcoms]
Small Wonder;Comedy/[Sitcoms]
Stacked;Comedy/[Sitcoms]
Step by Step;Comedy/[Sitcoms]
That '80s Show;Comedy/[Sitcoms]
That's My Bush!;Comedy/[Sitcoms]
The Big Bang Theory;Comedy/[Sitcoms]
The Bill Engvall Show;Comedy/[Sitcoms]
The Crazy Ones;Comedy/[Sitcoms]
The Dana Carvey Show;Comedy/[Sitcoms]
The Drunk and on Drugs Happy Funtime Hour;Comedy/[Sitcoms]
The Goldbergs (2013);Comedy/[Sitcoms]
The Knights of Prosperity;Comedy/[Sitcoms]
The Millers;Comedy/[Sitcoms]
The King of Queens;Comedy/[Sitcoms]
The Naked Truth;Comedy/[Sitcoms]
The Neighbors;Comedy/[Sitcoms]
The Pitts;Comedy/[Sitcoms]
Titus;Comedy/[Sitcoms]
Two and a Half Men;Comedy/[Sitcoms]
Tyler Perry's House of Payne;Comedy/[Sitcoms]
Unhappily Ever After;Comedy/[Sitcoms]
Up All Night;Comedy/[Sitcoms]
Veronica's Closet;Comedy/[Sitcoms]
Wedding Band;Comedy/[Sitcoms]
Weird Science;Comedy/[Sitcoms]
Yes, Dear;Comedy/[Sitcoms]
About a Boy;Comedy/[Sitcoms]
Mystery Girls;Comedy/[Sitcoms]
Bad Judge;Comedy/[Sitcoms]
Girl Meets World;Comedy/[Sitcoms]
3rd Rock from the Sun;Comedy/[Sitcoms]
Cybill;Comedy/[Sitcoms]
The Nanny;Comedy/[Sitcoms]
Designing Women;Comedy/[Sitcoms]
