21 Jump Street [2012];[Cinavia Protected]
22 Jump Street [2014];[Cinavia Protected]
30 Minutes or Less [2011];[Cinavia Protected]
31 [2016];[Cinavia Protected]
47 Ronin [2013];[Cinavia Protected]
A Dangerous Method [2011];[Cinavia Protected]
A Kind of Murder [2016];[Cinavia Protected]
A Million Ways to Die in the West [2014];[Cinavia Protected]
A Single Shot [2013];[Cinavia Protected]
A Street Cat Named Bob [2016];[Cinavia Protected]
About Alex [2014];[Cinavia Protected]
About Last Night [2014];[Cinavia Protected]
Afflicted [2013];[Cinavia Protected]
After Earth [2013];[Cinavia Protected]
Air [2015];[Cinavia Protected]
Allegiant [2016];[Cinavia Protected]
Almost Christmas [2016];[Cinavia Protected]
Aloft [2014];[Cinavia Protected]
Aloha [2015];[Cinavia Protected]
American Hustle [2013];[Cinavia Protected]
American Ultra [2015];[Cinavia Protected]
Amour [2012];[Cinavia Protected]
Annie [2014];[Cinavia Protected]
Anonymous [2011];[Cinavia Protected]
Apollo 13 [1995];[Cinavia Protected]
Appleseed Alpha [2014];[Cinavia Protected]
Arthur Christmas [2011];[Cinavia Protected]
At Any Price [2012];[Cinavia Protected]
Austenland [2013];[Cinavia Protected]
Avengers Confidential: Black Widow & Punisher [2014];[Cinavia Protected]
Bad Country [2014];[Cinavia Protected]
Bad Milo! [2013];[Cinavia Protected]
Bad Milo [2013];[Cinavia Protected]
Bad Teacher [2011];[Cinavia Protected]
Battle of the Year [2013];[Cinavia Protected]
Battle: Los Angeles [2011];[Cinavia Protected]
Before Midnight [2013];[Cinavia Protected]
Billy Lynn's Long Halftime Walk [2016];[Cinavia Protected]
Black Sea [2014];[Cinavia Protected]
Blair Witch [2016];[Cinavia Protected]
Bleed for This [2016];[Cinavia Protected]
Blue Jasmine [2013];[Cinavia Protected]
Blue Mountain State: The Rise of Thadland [2016];[Cinavia Protected]
Bonnie and Clyde [2013];[Cinavia Protected]
Boyhood [2014];[Cinavia Protected]
Bucky Larson Born To Be A Star [2011];[Cinavia Protected]
By the Sea [2015];[Cinavia Protected]
Captain Phillips [2013];[Cinavia Protected]
Carnage [2011];[Cinavia Protected]
Celeste & Jesse Forever [2012];[Cinavia Protected]
Chappie [2015];[Cinavia Protected]
Cloudy with a Chance of Meatballs 2 [2013];[Cinavia Protected]
Cold Comes the Night [2013];[Cinavia Protected]
Colombiana [2011];[Cinavia Protected]
Company of Heroes [2013];[Cinavia Protected]
Concussion [2015];[Cinavia Protected]
Cooties [2014];[Cinavia Protected]
Courageous [2011];[Cinavia Protected]
Creative Control [2015];[Cinavia Protected]
Criminal [2016];[Cinavia Protected]
Crimson Peak [2015];[Cinavia Protected]
Cross Wars [2017];[Cinavia Protected]
Dabba [2013];[Cinavia Protected]
The Lunchbox [2013];[Cinavia Protected]
Damsels in Distress [2011];[Cinavia Protected]
Dao shi xia shan [2015];[Cinavia Protected]
Monk Comes Down the Mountain [2015];[Cinavia Protected]
Darling Companion [2012];[Cinavia Protected]
De rouille et d'os [2012];[Cinavia Protected]
Rust and Bone [2012];[Cinavia Protected]
Dead Man Down [2013];[Cinavia Protected]
Deepwater Horizon [2016];[Cinavia Protected]
Deliver Us from Evil [2014];[Cinavia Protected]
Demolition [2015];[Cinavia Protected]
Den skaldede frisør [2012];[Cinavia Protected]
Love Is All You Need [2012];[Cinavia Protected]
Despicable Me 3 [2017];[Cinavia Protected]
Detention [2011];[Cinavia Protected]
Dirty Grandpa [2016];[Cinavia Protected]
Django Unchained [2012];[Cinavia Protected]
Don't Be Afraid of the Dark [2010];[Cinavia Protected]
Don't Breathe [2016];[Cinavia Protected]
Don't Kill It [2016];[Cinavia Protected]
Dracula Untold [2014];[Cinavia Protected]
Drive [2011];[Cinavia Protected]
Dylan Dog: Dead of Night [2010];[Cinavia Protected]
Elle [2016];[Cinavia Protected]
Elvis & Nixon [2016];[Cinavia Protected]
Elysium [2013];[Cinavia Protected]
Endless Love [2014];[Cinavia Protected]
Equity [2016];[Cinavia Protected]
Et maintenant, on va où? [2011];[Cinavia Protected]
Where Do We Go Now? [2011];[Cinavia Protected]
Everest [2015];[Cinavia Protected]
Evil Dead [2013];[Cinavia Protected]
Fifty Shades Darker [2017];[Cinavia Protected]
Fifty Shades of Grey [2015];[Cinavia Protected]
For No Good Reason [2012];[Cinavia Protected]
Foxcatcher [2014];[Cinavia Protected]
Frankenweenie [2012];[Cinavia Protected]
Freaks of Nature [2015];[Cinavia Protected]
Friends with Benefits [2011];[Cinavia Protected]
Furious 7 [2015];[Cinavia Protected]
Fury [2014];[Cinavia Protected]
Gambit [2012];[Cinavia Protected]
Get on Up [2014];[Cinavia Protected]
Ghost Rider: Spirit of Vengeance [2011];[Cinavia Protected]
Ghostbusters [2016];[Cinavia Protected]
Gods of Egypt [2016];[Cinavia Protected]
Goosebumps [2015];[Cinavia Protected]
Grandma [2015];[Cinavia Protected]
Grown Ups 2 [2013];[Cinavia Protected]
Gui lai [2014];[Cinavia Protected]
Coming Home [2014];[Cinavia Protected]
Hacksaw Ridge [2016];[Cinavia Protected]
Hail, Caesar! [2016];[Cinavia Protected]
Hearat Shulayim [2011];[Cinavia Protected]
Footnote [2011];[Cinavia Protected]
Heaven Is for Real [2014];[Cinavia Protected]
Hell or High Water [2016];[Cinavia Protected]
Hello, My Name Is Doris [2015];[Cinavia Protected]
Her [2013];[Cinavia Protected]
Here Comes the Boom [2012];[Cinavia Protected]
Higher Ground [2011];[Cinavia Protected]
Home Sweet Hell [2015];[Cinavia Protected]
Hope Springs [2012];[Cinavia Protected]
Hotel Transylvania 2 [2015];[Cinavia Protected]
Hotel Transylvania [2012];[Cinavia Protected]
How I Live Now [2013];[Cinavia Protected]
Hysteria [2011];[Cinavia Protected]
I Saw the Light [2015];[Cinavia Protected]
Im Labyrinth des Schweigens [2014];[Cinavia Protected]
Labyrinth of Lies [2014];[Cinavia Protected]
In Darkness [2011];[Cinavia Protected]
W ciemnosci [2011];[Cinavia Protected]
In Secret [2013];[Cinavia Protected]
In a World... [2013];[Cinavia Protected]
In the Land of Blood and Honey [2011];[Cinavia Protected]
Inferno [2016];[Cinavia Protected]
Infinitely Polar Bear [2014];[Cinavia Protected]
Inside Llewyn Davis [2013];[Cinavia Protected]
Insidious: Chapter 2 [2013];[Cinavia Protected]
Insidious: Chapter 3 [2015];[Cinavia Protected]
Insurgent [2015];[Cinavia Protected]
Iron Man: Rise of Technovore [2013];[Cinavia Protected]
Irrational Man [2015];[Cinavia Protected]
Jack and Jill [2011];[Cinavia Protected]
Jason Bourne [2016];[Cinavia Protected]
Jem and the Holograms [2015];[Cinavia Protected]
Jodaeiye Nader az Simin [2011];[Cinavia Protected]
A Separation [2011];[Cinavia Protected]
Jodorowsky's Dune [2013];[Cinavia Protected]
John Wick: Chapter 2 [2017];[Cinavia Protected]
Julieta [2016];[Cinavia Protected]
Jurassic World [2015];[Cinavia Protected]
Kevin Hart: What Now? [2016];[Cinavia Protected]
Kick-Ass 2 [2013];[Cinavia Protected]
Kill Your Darlings [2013];[Cinavia Protected]
Kingsglaive: Final Fantasy XV [2016];[Cinavia Protected]
La La Land [2016];[Cinavia Protected]
La piel que habito [2011];[Cinavia Protected]
The Skin I Live In [2011];[Cinavia Protected]
La tortue rouge [2016];[Cinavia Protected]
The Red Turtle [2016];[Cinavia Protected]
Lambert & Stamp [2014];[Cinavia Protected]
Land Ho! [2014];[Cinavia Protected]
Larry Crowne [2011];[Cinavia Protected]
Last Vegas [2013];[Cinavia Protected]
Le passé [2013];[Cinavia Protected]
The Past [2013];[Cinavia Protected]
Legend [2015];[Cinavia Protected]
Leviafan [2014];[Cinavia Protected]
Leviathan [2014];[Cinavia Protected]
Life [2017];[Cinavia Protected]
Life, Above All [2010];[Cinavia Protected]
Lockout [2012];[Cinavia Protected]
London Boulevard [2010];[Cinavia Protected]
Looper [2012];[Cinavia Protected]
Los amantes pasajeros [2013];[Cinavia Protected]
I'm So Excited [2013];[Cinavia Protected]
Love & Friendship [2016];[Cinavia Protected]
Love Is Strange [2014];[Cinavia Protected]
Love the Coopers [2015];[Cinavia Protected]
Maggie's Plan [2015];[Cinavia Protected]
Magic in the Moonlight [2014];[Cinavia Protected]
Make Your Move [2013];[Cinavia Protected]
Mechanic: Resurrection [2016];[Cinavia Protected]
Meeting Evil [2012];[Cinavia Protected]
Mei ren yu [2016];[Cinavia Protected]
The Mermaid [2016];[Cinavia Protected]
Men in Black 3 [2012];[Cinavia Protected]
Merchants of Doubt [2014];[Cinavia Protected]
Middle School: The Worst Years of My Life [2016];[Cinavia Protected]
Midnight in Paris [2011];[Cinavia Protected]
Miles Ahead [2015];[Cinavia Protected]
Minions [2015];[Cinavia Protected]
Miracles from Heaven [2016];[Cinavia Protected]
Moms' Night Out [2014];[Cinavia Protected]
Money Monster [2016];[Cinavia Protected]
Moneyball [2011];[Cinavia Protected]
Mr. Turner [2014];[Cinavia Protected]
Nebraska [2013];[Cinavia Protected]
Neighbors 2: Sorority Rising [2016];[Cinavia Protected]
Neighbors [2014];[Cinavia Protected]
Bad Neighbours [2014];[Cinavia Protected]
Neil Young Journeys [2011];[Cinavia Protected]
Nerve [2016];[Cinavia Protected]
No Good Deed [2014];[Cinavia Protected]
No [2012];[Cinavia Protected]
Norm of the North [2016];[Cinavia Protected]
Norman: The Moderate Rise and Tragic Fall of a New York Fixer [2016];[Cinavia Protected]
Norman [2016];[Cinavia Protected]
Now You See Me 2 [2016];[Cinavia Protected]
Oldboy [2013];[Cinavia Protected]
Olympus Has Fallen [2013];[Cinavia Protected]
One Direction: This Is Us [2013];[Cinavia Protected]
Only Lovers Left Alive [2013];[Cinavia Protected]
Open Season 4: Scared Silly [2015];[Cinavia Protected]
Ouija [2014];[Cinavia Protected]
Ouija: Origin of Evil [2016];[Cinavia Protected]
Overboard [2018];[Cinavia Protected]
Parker [2013];[Cinavia Protected]
Parkland [2013];[Cinavia Protected]
Passengers [2016];[Cinavia Protected]
Patriots Day [2016];[Cinavia Protected]
Paul Blart: Mall Cop 2 [2015];[Cinavia Protected]
Pitch Perfect 2 [2015];[Cinavia Protected]
Pixels [2015];[Cinavia Protected]
Playing for Keeps [2012];[Cinavia Protected]
Pompeii [2014];[Cinavia Protected]
Popstar: Never Stop Never Stopping [2016];[Cinavia Protected]
Power Rangers [2017];[Cinavia Protected]
Predestination [2014];[Cinavia Protected]
Premium Rush [2012];[Cinavia Protected]
Pride [2014];[Cinavia Protected]
Pride and Prejudice and Zombies [2016];[Cinavia Protected]
Priest [2011];[Cinavia Protected]
Project X [2012];[Cinavia Protected]
Ratchet & Clank [2016];[Cinavia Protected]
Ratter [2015];[Cinavia Protected]
Red Army [2014];[Cinavia Protected]
Red Sky [2014];[Cinavia Protected]
Relatos salvajes [2014];[Cinavia Protected]
Wild Tales [2014];[Cinavia Protected]
Resident Evil: Afterlife [2010];[Cinavia Protected]
Resident Evil: Retribution [2012];[Cinavia Protected]
Resident Evil: The Final Chapter [2016];[Cinavia Protected]
Resident Evil: Vendetta [2017];[Cinavia Protected]
Restless [2011];[Cinavia Protected]
Ricki and the Flash [2015];[Cinavia Protected]
Risen [2016];[Cinavia Protected]
Robinson Crusoe [2016];[Cinavia Protected]
The Wild Life [2016];[Cinavia Protected]
Robot & Frank [2012];[Cinavia Protected]
Rock Dog [2016];[Cinavia Protected]
Rock of Ages [2012];[Cinavia Protected]
Rough Night [2017];[Cinavia Protected]
S.W.A.T.: Under Siege [2017];[Cinavia Protected]
Safety Not Guaranteed [2012];[Cinavia Protected]
Saint Laurent [2014];[Cinavia Protected]
Salmon Fishing in the Yemen [2011];[Cinavia Protected]
Salt [2010];[Cinavia Protected]
Saul fia [2015];[Cinavia Protected]
Son of Saul [2015];[Cinavia Protected]
Sausage Party [2016];[Cinavia Protected]
Searching for Sugar Man [2012];[Cinavia Protected]
Serbuan maut [2011];[Cinavia Protected]
The Raid: Redemption [2011];[Cinavia Protected]
Seven Psychopaths [2012];[Cinavia Protected]
Sex Tape [2014];[Cinavia Protected]
Sicario [2015];[Cinavia Protected]
Sing [2016];[Cinavia Protected]
Sisters [2015];[Cinavia Protected]
Small Apartments [2012];[Cinavia Protected]
Smashed [2012];[Cinavia Protected]
Smurfs: The Lost Village [2017];[Cinavia Protected]
Sparkle [2012];[Cinavia Protected]
Stalingrad [2013];[Cinavia Protected]
Starship Troopers: Invasion [2012];[Cinavia Protected]
Steve Jobs [2015];[Cinavia Protected]
Still Alice [2014];[Cinavia Protected]
Straight Outta Compton [2015];[Cinavia Protected]
Straw Dogs [2011];[Cinavia Protected]
Stronger [2017];[Cinavia Protected]
T2 Trainspotting [2017];[Cinavia Protected]
Take Shelter [2011];[Cinavia Protected]
Takers [2010];[Cinavia Protected]
Ted 2 [2015];[Cinavia Protected]
That Awkward Moment [2014];[Cinavia Protected]
That's My Boy [2012];[Cinavia Protected]
The 5th Wave [2016];[Cinavia Protected]
The Adventures of Tintin [2011];[Cinavia Protected]
The Age of Adaline [2015];[Cinavia Protected]
The Amazing Spider-Man 2 [2014];[Cinavia Protected]
The Amazing Spider-Man [2012];[Cinavia Protected]
The Angry Birds Movie [2016];[Cinavia Protected]
The Armstrong Lie [2013];[Cinavia Protected]
The Art of the Steal [2013];[Cinavia Protected]
The Big Sick [2017];[Cinavia Protected]
The Boss [2016];[Cinavia Protected]
The Boy Next Door [2015];[Cinavia Protected]
The Bronze [2015];[Cinavia Protected]
The Brothers Grimsby [2016];[Cinavia Protected]
Grimsby [2016];[Cinavia Protected]
The Call [2013];[Cinavia Protected]
The Campaign [2012];[Cinavia Protected]
The Company You Keep [2012];[Cinavia Protected]
The D Train [2015];[Cinavia Protected]
The Diary of a Teenage Girl [2015];[Cinavia Protected]
The Equalizer [2014];[Cinavia Protected]
The F Word [2013];[Cinavia Protected]
What If [2013];[Cinavia Protected]
The Final Girls [2015];[Cinavia Protected]
The Gatekeepers [2012];[Cinavia Protected]
The Girl with the Dragon Tattoo [2011];[Cinavia Protected]
The Glass Castle [2017];[Cinavia Protected]
The Green Hornet [2011];[Cinavia Protected]
The Guard [2011];[Cinavia Protected]
The Hollars [2016];[Cinavia Protected]
The Hunger Games: Mockingjay - Part 1 [2014];[Cinavia Protected]
The Hunger Games: Mockingjay - Part 2 [2015];[Cinavia Protected]
The Hungover Games [2014];[Cinavia Protected]
The Huntsman: Winter's War [2016];[Cinavia Protected]
The Ides of March [2011];[Cinavia Protected]
The Interview [2014];[Cinavia Protected]
The Invisible Woman [2013];[Cinavia Protected]
The Karate Kid [2010];[Cinavia Protected]
The Kings of Summer [2013];[Cinavia Protected]
The Lady in the Van [2015];[Cinavia Protected]
The Last Witch Hunter [2015];[Cinavia Protected]
The Lobster [2015];[Cinavia Protected]
The Losers [2010];[Cinavia Protected]
The Magnificent Seven [2016];[Cinavia Protected]
The Monuments Men [2014];[Cinavia Protected]
The Mortal Instruments: City of Bones [2013];[Cinavia Protected]
The Mummy [2017];[Cinavia Protected]
The Night Before [2015];[Cinavia Protected]
The Other Guys [2010];[Cinavia Protected]
The Perfect Guy [2015];[Cinavia Protected]
The Pirates! In an Adventure with Scientists! [2012];[Cinavia Protected]
The Pirates! Band of Misfits [2012];[Cinavia Protected]
The Purge: Election Year [2016];[Cinavia Protected]
The Raid 2: Berandal [2014];[Cinavia Protected]
The Remaining [2014];[Cinavia Protected]
The Roommate [2011];[Cinavia Protected]
The Salt of the Earth [2014];[Cinavia Protected]
The Secret Life of Pets [2016];[Cinavia Protected]
The Shack [2017];[Cinavia Protected]
The Shallows [2016];[Cinavia Protected]
The Smurfs 2 [2013];[Cinavia Protected]
The Smurfs [2011];[Cinavia Protected]
The Social Network [2010];[Cinavia Protected]
The Thing [2011];[Cinavia Protected]
The To Do List [2013];[Cinavia Protected]
The Tourist [2010];[Cinavia Protected]
The Visit [2015];[Cinavia Protected]
The Vow [2012];[Cinavia Protected]
The Walk [2015];[Cinavia Protected]
The Wedding Ringer [2015];[Cinavia Protected]
The Woman in Black [2012];[Cinavia Protected]
The Words [2012];[Cinavia Protected]
The World's End [2013];[Cinavia Protected]
The Zero Theorem [2013];[Cinavia Protected]
Think Like a Man Too [2014];[Cinavia Protected]
Think Like a Man [2012];[Cinavia Protected]
Third Person [2013];[Cinavia Protected]
This Is the End [2013];[Cinavia Protected]
Tim's Vermeer [2013];[Cinavia Protected]
To Rome with Love [2012];[Cinavia Protected]
Total Recall [2012];[Cinavia Protected]
Trainwreck [2015];[Cinavia Protected]
Truth [2015];[Cinavia Protected]
Tusk [2014];[Cinavia Protected]
Tyler Perry's Boo 2! A Madea Halloween [2017];[Cinavia Protected]
Boo 2! A Madea Halloween [2017];[Cinavia Protected]
Unbroken [2014];[Cinavia Protected]
Underworld: Awakening [2012];[Cinavia Protected]
Underworld: Blood Wars [2016];[Cinavia Protected]
Unfriended [2014];[Cinavia Protected]
Universal Soldier: Day of Reckoning [2012];[Cinavia Protected]
Wadjda [2012];[Cinavia Protected]
War Room [2015];[Cinavia Protected]
West of Memphis [2012];[Cinavia Protected]
When the Bough Breaks [2016];[Cinavia Protected]
When the Game Stands Tall [2014];[Cinavia Protected]
Whiplash [2014];[Cinavia Protected]
White House Down [2013];[Cinavia Protected]
Wolf Totem [2015];[Cinavia Protected]
Wrath of the Titans [2012];[Cinavia Protected]
Zambezia [2012];[Cinavia Protected]
Zero Dark Thirty [2012];[Cinavia Protected]
Zookeeper [2011];[Cinavia Protected]
