¡Átame! [1990];Misc/[Adult]/[BDSM]/
24/7: The Passion of Life [2005];Misc/[Adult]/[BDSM]/
8MM [1999];Misc/[Adult]/[BDSM]/
9½ Weeks [1986];Misc/[Adult]/[BDSM]/
A Night in Nude: Salvation [2010];Misc/[Adult]/[BDSM]/
A Woman in Flames [1983];Misc/[Adult]/[BDSM]/
A Year Without Love [2005];Misc/[Adult]/[BDSM]/
Ai no korîda [1976];Misc/[Adult]/[BDSM]/
Amai muchi [2013];Misc/[Adult]/[BDSM]/
Amorestremo [2001];Misc/[Adult]/[BDSM]/
Año bisiesto [2010];Misc/[Adult]/[BDSM]/
Arietta [1989];Misc/[Adult]/[BDSM]/
Baba Yaga [1973];Misc/[Adult]/[BDSM]/
Basic Instinct [1992];Misc/[Adult]/[BDSM]/
BDSM: It's Not What You Think! [2008];Misc/[Adult]/[BDSM]/
Be My Slave [2012];Misc/[Adult]/[BDSM]/
Beauty of the Day [1967];Misc/[Adult]/[BDSM]/
Belle de jour [1967];Misc/[Adult]/[BDSM]/
Bettie Page Reveals All [2012];Misc/[Adult]/[BDSM]/
Bettie Page: Dark Angel [2004];Misc/[Adult]/[BDSM]/
Beyond Vanilla [2001];Misc/[Adult]/[BDSM]/
Bibliothèque Pascal [2010];Misc/[Adult]/[BDSM]/
Bitter Moon [1992];Misc/[Adult]/[BDSM]/
Black Leather Jacket [1989];Misc/[Adult]/[BDSM]/
Blue Velvet [1986];Misc/[Adult]/[BDSM]/
Body of Evidence [1993];Misc/[Adult]/[BDSM]/
Bound [2015];Misc/[Adult]/[BDSM]/
Breaking the Waves [1996];Misc/[Adult]/[BDSM]/
Chotto kawaii aian meiden [2014];Misc/[Adult]/[BDSM]/
Closet Land [1991];Misc/[Adult]/[BDSM]/
Color Blossoms [2004];Misc/[Adult]/[BDSM]/
Conspirators of Pleasure [1996];Misc/[Adult]/[BDSM]/
Cool Devices [1995];Misc/[Adult]/[BDSM]/
Crash [1996];Misc/[Adult]/[BDSM]/
Crimes of Passion [1984];Misc/[Adult]/[BDSM]/
Cruel Passion [1977];Misc/[Adult]/[BDSM]/
Dan Oniroku gensaku: Jogakusei [2005];Misc/[Adult]/[BDSM]/
Dan Oniroku: Onna kyôshi nawa jigoku [1981];Misc/[Adult]/[BDSM]/
Dances Sacred and Profane [1985];Misc/[Adult]/[BDSM]/
Dangerous Obsession [1991];Misc/[Adult]/[BDSM]/
Daughters Of Darkness [1971];Misc/[Adult]/[BDSM]/
Daydream 2 [1987];Misc/[Adult]/[BDSM]/
De Sade [1969];Misc/[Adult]/[BDSM]/
Deadly Virtues: Love.Honour.Obey. [2014];Misc/[Adult]/[BDSM]/
Der lüsterne Türke [1971];Misc/[Adult]/[BDSM]/
Diary of a Sex Offender [2009];Misc/[Adult]/[BDSM]/
Die bitteren Tränen der Petra von Kant [1972];Misc/[Adult]/[BDSM]/
Die flambierte Frau [1983];Misc/[Adult]/[BDSM]/
Dogs Don't Wear Pants [2019];Misc/[Adult]/[BDSM]/
Dogtooth [2009];Misc/[Adult]/[BDSM]/
Dorei [2007];Misc/[Adult]/[BDSM]/
Dorei-sen [2010];Misc/[Adult]/[BDSM]/
Doreiku: Boku to 23-nin no dorei [2014];Misc/[Adult]/[BDSM]/
Downloading Nancy [2008];Misc/[Adult]/[BDSM]/
Dressing for Pleasure [1977];Misc/[Adult]/[BDSM]/
Eating Raoul [1982];Misc/[Adult]/[BDSM]/
Écrivain d'O [2004];Misc/[Adult]/[BDSM]/
Ecstasy in Berlin, 1926 [2004];Misc/[Adult]/[BDSM]/
Entrails of a Virgin [1986];Misc/[Adult]/[BDSM]/
Exit to Eden [1994];Misc/[Adult]/[BDSM]/
Faster, Pussycat! Kill! Kill! [1965];Misc/[Adult]/[BDSM]/
Female Student [2005];Misc/[Adult]/[BDSM]/
Female Teacher Rope Hell [1981];Misc/[Adult]/[BDSM]/
Fetishes [1996];Misc/[Adult]/[BDSM]/
Fifty Shades Darker [2017];Misc/[Adult]/[BDSM]/
Fifty Shades Freed [2018];Misc/[Adult]/[BDSM]/
Fifty Shades of Grey [2015];Misc/[Adult]/[BDSM]/
Fifty Shades Uncovered [2015];Misc/[Adult]/[BDSM]/
First Love [2004];Misc/[Adult]/[BDSM]/
Flower & Snake 3 [2010];Misc/[Adult]/[BDSM]/
Flower & Snake II [2005];Misc/[Adult]/[BDSM]/
Flower & Snake: Zero [2014];Misc/[Adult]/[BDSM]/
Flower and Snake - Sketch of Hell [1985];Misc/[Adult]/[BDSM]/
Flower and Snake [1974];Misc/[Adult]/[BDSM]/
Flower and Snake [2004];Misc/[Adult]/[BDSM]/
Flower and Snake 3: Punishment [1986];Misc/[Adult]/[BDSM]/
Flower and Snake 4: White Uniform Rope Slave [1986];Misc/[Adult]/[BDSM]/
Flower and Snake 5: Rope Magic [1987];Misc/[Adult]/[BDSM]/
Futei no kisetsu [2000];Misc/[Adult]/[BDSM]/
Gekkô no sasayaki [1999];Misc/[Adult]/[BDSM]/
Ginger [1971];Misc/[Adult]/[BDSM]/
Girl in the Box [2016];Misc/[Adult]/[BDSM]/
Going Under [2004];Misc/[Adult]/[BDSM]/
Gojitmal [1999];Misc/[Adult]/[BDSM]/
Gothika [2003];Misc/[Adult]/[BDSM]/
Gradiva (C'est Gradiva qui vous appelle) [2006];Misc/[Adult]/[BDSM]/
Graphic Sexual Horror [2009];Misc/[Adult]/[BDSM]/
Gwendoline [1984];Misc/[Adult]/[BDSM]/
Hakujitsumu zoku [1987];Misc/[Adult]/[BDSM]/
Hana to hebi [1974];Misc/[Adult]/[BDSM]/
Hana to hebi [2004];Misc/[Adult]/[BDSM]/
Hana to hebi 2: Pari/Shizuko [2005];Misc/[Adult]/[BDSM]/
Hana to hebi 3 [2010];Misc/[Adult]/[BDSM]/
Hana to hebi: hakui nawa dorei [1986];Misc/[Adult]/[BDSM]/
Hana to hebi: jigoku-hen [1985];Misc/[Adult]/[BDSM]/
Hana to hebi: kyûkyoku nawa chôkyô [1987];Misc/[Adult]/[BDSM]/
Hana to hebi: Shiiku-hen [1986];Misc/[Adult]/[BDSM]/
Hana to hebi: Zero [2014];Misc/[Adult]/[BDSM]/
Hebi ni piasu [2008];Misc/[Adult]/[BDSM]/
Hellhole Women [1981];Misc/[Adult]/[BDSM]/
Histoire d'O [1975];Misc/[Adult]/[BDSM]/
Histoire d'O: Chapitre 2 [1984];Misc/[Adult]/[BDSM]/
Hounded [2006];Misc/[Adult]/[BDSM]/
I Am an S+M Writer [2000];Misc/[Adult]/[BDSM]/
Ichi the Killer [2001];Misc/[Adult]/[BDSM]/
Ijmete kudasai Henrietta [1989];Misc/[Adult]/[BDSM]/
Ikenie fujin [1974];Misc/[Adult]/[BDSM]/
Il portiere di notte [1974];Misc/[Adult]/[BDSM]/
In A Glass Cage [1987];Misc/[Adult]/[BDSM]/
In The Realm of the Senses [1976];Misc/[Adult]/[BDSM]/
Inju, la bête dans l'ombre [2008];Misc/[Adult]/[BDSM]/
Inju: The Beast in the Shadow [2008];Misc/[Adult]/[BDSM]/
Jin shi pei yu, xiang gang qing ye [2002];Misc/[Adult]/[BDSM]/
Just Before Nightfall [1971];Misc/[Adult]/[BDSM]/
Juste avant la nuit [1971];Misc/[Adult]/[BDSM]/
Kanzen naru shiiku: akai satsui [2004];Misc/[Adult]/[BDSM]/
Kanzen-naru shiiku [1999];Misc/[Adult]/[BDSM]/
Kanzen-naru shiiku: Ai no 40-nichi [2001];Misc/[Adult]/[BDSM]/
Kanzen-naru shiiku: Himitsu no chika-shitsu [2003];Misc/[Adult]/[BDSM]/
Kanzen-naru shiiku: onna rihatsushi no koi [2003];Misc/[Adult]/[BDSM]/
Killing Me Softly [2002];Misc/[Adult]/[BDSM]/
Kinbaku · SM · 18-sai [1986];Misc/[Adult]/[BDSM]/
Kink [2005];Misc/[Adult]/[BDSM]/
Kink [2013];Misc/[Adult]/[BDSM]/
Kiss Me Kill Me [1973];Misc/[Adult]/[BDSM]/
Koirat eivät käytä housuja [2019];Misc/[Adult]/[BDSM]/
Kynodontas [2009];Misc/[Adult]/[BDSM]/
Kyôfu joshikôkô: bôkô rinchi kyôshitsu [1973];Misc/[Adult]/[BDSM]/
La cintura [1990];Misc/[Adult]/[BDSM]/
La frusta e il corpo [1963];Misc/[Adult]/[BDSM]/
La Lectrice [1988];Misc/[Adult]/[BDSM]/
La matriarca [1968];Misc/[Adult]/[BDSM]/
La Pianiste [2001];Misc/[Adult]/[BDSM]/
La Vénus à la fourrure [2013];Misc/[Adult]/[BDSM]/
Lady Libertine [1984];Misc/[Adult]/[BDSM]/
Lady Poison: Beasts of the Underground [1994];Misc/[Adult]/[BDSM]/
Last Tango in Paris [1972];Misc/[Adult]/[BDSM]/
Leap Year [2010];Misc/[Adult]/[BDSM]/
Les petites filles modèles [1971];Misc/[Adult]/[BDSM]/
Let the Punishment Fit the Child [1997];Misc/[Adult]/[BDSM]/
Lies [1999];Misc/[Adult]/[BDSM]/
Lorna [1964];Misc/[Adult]/[BDSM]/
Love Is the Devil: Study for a Portrait of Francis Bacon [1998];Misc/[Adult]/[BDSM]/
Love Object [2003];Misc/[Adult]/[BDSM]/
Maîtresse [1975];Misc/[Adult]/[BDSM]/
Mango Kiss [2004];Misc/[Adult]/[BDSM]/
Mano destra [1986];Misc/[Adult]/[BDSM]/
Marquis de Sade: Justine [1969];Misc/[Adult]/[BDSM]/
Marquis de Sade's Justine [1977];Misc/[Adult]/[BDSM]/
Matador [1986];Misc/[Adult]/[BDSM]/
Maximum Shame [2010];Misc/[Adult]/[BDSM]/
Mercy [2000];Misc/[Adult]/[BDSM]/
Mistress [1975];Misc/[Adult]/[BDSM]/
Moonlight Whispers [1999];Misc/[Adult]/[BDSM]/
Motel Mist [2016];Misc/[Adult]/[BDSM]/
My Mistress [2014];Misc/[Adult]/[BDSM]/
Nawa deka [1998];Misc/[Adult]/[BDSM]/
Necronomicon - Geträumte Sünden [1968];Misc/[Adult]/[BDSM]/
New Tokyo Decadence [2007];Misc/[Adult]/[BDSM]/
Niku daruma [1998];Misc/[Adult]/[BDSM]/
Nine 1/2 Weeks [1986];Misc/[Adult]/[BDSM]/
Nothing's All Bad [2010];Misc/[Adult]/[BDSM]/
Nûdo no yoru: Ai wa oshiminaku ubau [2010];Misc/[Adult]/[BDSM]/
Nymphomaniac: Vol. I [2013];Misc/[Adult]/[BDSM]/
Nymphomaniac: Vol. II [2013];Misc/[Adult]/[BDSM]/
Of Freaks and Men [1998];Misc/[Adult]/[BDSM]/
Onna jigoku: mori wa nureta [1973];Misc/[Adult]/[BDSM]/
Open House [1987];Misc/[Adult]/[BDSM]/
Ossessione fatale [1991];Misc/[Adult]/[BDSM]/
Paroxismus [1969];Misc/[Adult]/[BDSM]/
Passions of a Private Secretary [2008];Misc/[Adult]/[BDSM]/
Perfect Education 2: 40 Days of Love [2001];Misc/[Adult]/[BDSM]/
Perfect Education 3 [2002];Misc/[Adult]/[BDSM]/
Perfect Education 4: Secret Basement [2003];Misc/[Adult]/[BDSM]/
Perfect Education 5: Amazing Story [2003];Misc/[Adult]/[BDSM]/
Perfect Education 6 [2004];Misc/[Adult]/[BDSM]/
Personal Services [1986];Misc/[Adult]/[BDSM]/
Powazon bodi dokufu [1994];Misc/[Adult]/[BDSM]/
Preaching to the Perverted [1997];Misc/[Adult]/[BDSM]/
Primo amore [2004];Misc/[Adult]/[BDSM]/
Pro urodov i lyudey [1998];Misc/[Adult]/[BDSM]/
Psychopathia Sexualis [2006];Misc/[Adult]/[BDSM]/
Punish ME [2006];Misc/[Adult]/[BDSM]/
Quills [2000];Misc/[Adult]/[BDSM]/
Rogues, Rebels, and Renegades: The Art of an Outlaw [2009];Misc/[Adult]/[BDSM]/
Romance [1999];Misc/[Adult]/[BDSM]/
S&M Hunter [1986];Misc/[Adult]/[BDSM]/
S&M Judge [2009];Misc/[Adult]/[BDSM]/
Sade [2000];Misc/[Adult]/[BDSM]/
Sadistic and Masochistic [2000];Misc/[Adult]/[BDSM]/
Sadistic Yoga [2006];Misc/[Adult]/[BDSM]/
Sadomania - Hölle der Lust [1981];Misc/[Adult]/[BDSM]/
School of the Holy Beast [1974];Misc/[Adult]/[BDSM]/
Seduction: The Cruel Woman [1985];Misc/[Adult]/[BDSM]/
Seijû gakuen [1974];Misc/[Adult]/[BDSM]/
Shojo no harawata [1986];Misc/[Adult]/[BDSM]/
Short Cuts [1993];Misc/[Adult]/[BDSM]/
Sick: The Life & Death of Bob Flanagan, Supermasochist [1997];Misc/[Adult]/[BDSM]/
Singapore Sling [1990];Misc/[Adult]/[BDSM]/
Slave Ship [2010];Misc/[Adult]/[BDSM]/
Sliver [1993];Misc/[Adult]/[BDSM]/
SM-rechter [2009];Misc/[Adult]/[BDSM]/
Smukke mennesker [2010];Misc/[Adult]/[BDSM]/
Snakes and Earrings [2008];Misc/[Adult]/[BDSM]/
Spanking Love [1995];Misc/[Adult]/[BDSM]/
Spiklenci slasti [1996];Misc/[Adult]/[BDSM]/
Story of O, the Series;Misc/[Adult]/[BDSM]/
Submit to Me [1985];Misc/[Adult]/[BDSM]/
Submit to Me Now [1987];Misc/[Adult]/[BDSM]/
Succubus [1968];Misc/[Adult]/[BDSM]/
Sweet Whip [2013];Misc/[Adult]/[BDSM]/
Swept Away... by an Unusual Destiny in the Blue Sea of August [1974];Misc/[Adult]/[BDSM]/
Taiji ga mitsuryô suru toki [1966];Misc/[Adult]/[BDSM]/
Tenemos la carne [2016];Misc/[Adult]/[BDSM]/
Terrifying Girls' High School: Lynch Law Classroom [1973];Misc/[Adult]/[BDSM]/
The Abductors [1972];Misc/[Adult]/[BDSM]/
The Belt [1990];Misc/[Adult]/[BDSM]/
The Bitter Tears of Petra von Kant [1972];Misc/[Adult]/[BDSM]/
The Black Glove [1997];Misc/[Adult]/[BDSM]/
The Cell [2000];Misc/[Adult]/[BDSM]/
The Cell 2 [2009];Misc/[Adult]/[BDSM]/
The Choirboys [1977];Misc/[Adult]/[BDSM]/
The Dangerous Sex Date [2001];Misc/[Adult]/[BDSM]/
The Disappearance of Alice Creed [2009];Misc/[Adult]/[BDSM]/
The Duke of Burgundy [2014];Misc/[Adult]/[BDSM]/
The Embryo Hunts in Secret [1966];Misc/[Adult]/[BDSM]/
The Granddaughter's Model [1971];Misc/[Adult]/[BDSM]/
The Image [1975];Misc/[Adult]/[BDSM]/
The Killer Inside Me [2010];Misc/[Adult]/[BDSM]/
The Libertine [1968];Misc/[Adult]/[BDSM]/
The Night Porter [1974];Misc/[Adult]/[BDSM]/
The Nightcomers [1971];Misc/[Adult]/[BDSM]/
The Notorious Bettie Page [2005];Misc/[Adult]/[BDSM]/
The Outsiders [2009];Misc/[Adult]/[BDSM]/
The Perfect Education [1999];Misc/[Adult]/[BDSM]/
The Piano Teacher [2001];Misc/[Adult]/[BDSM]/
The Reader [1988];Misc/[Adult]/[BDSM]/
The Story of O [1975];Misc/[Adult]/[BDSM]/
The Story of O 2 [1984];Misc/[Adult]/[BDSM]/
The Torture Club [2014];Misc/[Adult]/[BDSM]/
The Whip and the Body [1963];Misc/[Adult]/[BDSM]/
Tie Me Up! Tie Me Down! [1990];Misc/[Adult]/[BDSM]/
Tied [2013];Misc/[Adult]/[BDSM]/
Tightrope [1984];Misc/[Adult]/[BDSM]/
Toh sik [2004];Misc/[Adult]/[BDSM]/
Tokyo Decadence [1992];Misc/[Adult]/[BDSM]/
Tokyo Slaves [2014];Misc/[Adult]/[BDSM]/
Tomcats [2001];Misc/[Adult]/[BDSM]/
Topâzu [1992];Misc/[Adult]/[BDSM]/
Trans-Europ-Express [1967];Misc/[Adult]/[BDSM]/
Tras el cristal [1987];Misc/[Adult]/[BDSM]/
Travolti da un insolito destino nell'azzurro mare d'agosto [1974];Misc/[Adult]/[BDSM]/
Ultimo tango a Parigi [1972];Misc/[Adult]/[BDSM]/
Un año sin amor [2005];Misc/[Adult]/[BDSM]/
Une histoire d'amour [2013];Misc/[Adult]/[BDSM]/
Venus in Fur [2013];Misc/[Adult]/[BDSM]/
Venus in Furs [1967];Misc/[Adult]/[BDSM]/
Venus in Furs [1969];Misc/[Adult]/[BDSM]/
Venus in Furs [1995];Misc/[Adult]/[BDSM]/
Verfolgt [2006];Misc/[Adult]/[BDSM]/
Verführung: Die grausame Frau [1985];Misc/[Adult]/[BDSM]/
Walk All Over Me [2007];Misc/[Adult]/[BDSM]/
Watashi no dorei ni narinasai [2012];Misc/[Adult]/[BDSM]/
We Are the Flesh [2016];Misc/[Adult]/[BDSM]/
Wife to Be Sacrificed [1974];Misc/[Adult]/[BDSM]/
Woods Are Wet [1973];Misc/[Adult]/[BDSM]/
Writer of O [2004];Misc/[Adult]/[BDSM]/
Zipperface [1992];Misc/[Adult]/[BDSM]/
8½ Women [1999];Misc/[Adult]/[In]/
Abigail Lesley Is Back in Town [1975];Misc/[Adult]/[In]/
Against the Wind [1990];Misc/[Adult]/[In]/
Ai Hen Lan [2012];Misc/[Adult]/[In]/
Alpine Fire [1985];Misc/[Adult]/[In]/
Amityville II: The Possession [1982];Misc/[Adult]/[In]/
Amor Estranho Amor [1982];Misc/[Adult]/[In]/
Angels and Insects [1995];Misc/[Adult]/[In]/
Aprimi il Cuore [2002];Misc/[Adult]/[In]/
Ariella [1980];Misc/[Adult]/[In]/
Au-delà de la décence [1993];Misc/[Adult]/[In]/
Bad Boy Bubby [1993];Misc/[Adult]/[In]/
Bez wstydu ]2012];Misc/[Adult]/[In]/
Bleeders [1997];Misc/[Adult]/[In]/
Blood Relatives [1978];Misc/[Adult]/[In]/
Bloody Mama [1970];Misc/[Adult]/[In]/
Butterfly [1982];Misc/[Adult]/[In]/
Cadavres [2009];Misc/[Adult]/[In]/
Caniche [1979];Misc/[Adult]/[In]/
Caniche [1983];Misc/[Adult]/[In]/
Cap Tourmente [1993];Misc/[Adult]/[In]/
Careful [1992];Misc/[Adult]/[In]/
Cat People [1982];Misc/[Adult]/[In]/
Chacun sa nuit [2006];Misc/[Adult]/[In]/
Chinatown [1974];Misc/[Adult]/[In]/
Choses secrètes [2002];Misc/[Adult]/[In]/
Chou jue deng chang [2002];Misc/[Adult]/[In]/
Close My Eyes [1991];Misc/[Adult]/[In]/
Cold Comfort [1989];Misc/[Adult]/[In]/
Confessions of a Young American Housewife [1974];Misc/[Adult]/[In]/
Contes immoraux [1974];Misc/[Adult]/[In]/
Contra el viento [1990];Misc/[Adult]/[In]/
Così come sei [1978];Misc/[Adult]/[In]/
Cousins in Love [1980];Misc/[Adult]/[In]/
Daniel & Ana [2009];Misc/[Adult]/[In]/
Daughter of Darkness [1993];Misc/[Adult]/[In]/
Delta [2008];Misc/[Adult]/[In]/
Dioses [2008];Misc/[Adult]/[In]/
Dogme #1 [1998];Misc/[Adult]/[In]/
Dogme #6 [1999];Misc/[Adult]/[In]/
Don't be Afraid [2011];Misc/[Adult]/[In]/
Don't Ring the Doorbell [1978];Misc/[Adult]/[In]/
Don't Tell [2005];Misc/[Adult]/[In]/
Drifters [2011];Misc/[Adult]/[In]/
El Sueño del Mono Loco [1989];Misc/[Adult]/[In]/
Enter the Clowns [2002];Misc/[Adult]/[In]/
Festen [1998];Misc/[Adult]/[In]/
Flowers in the Attic [1987];Misc/[Adult]/[In]/
Forbidden Relations [1983];Misc/[Adult]/[In]/
Fotografando Patrizia [1984];Misc/[Adult]/[In]/
Gemini [2005];Misc/[Adult]/[In]/
Géminis [2005];Misc/[Adult]/[In]/
Gli sfiorati [2011];Misc/[Adult]/[In]/
Godless [2015];Misc/[Adult]/[In]/
Gods [2008];Misc/[Adult]/[In]/
Hemoglobin [1997];Misc/[Adult]/[In]/
Höhenfeuer [1985];Misc/[Adult]/[In]/
How I Live Now [2013];Misc/[Adult]/[In]/
How to Draw a Perfect Circle [2009];Misc/[Adult]/[In]/
I Stand Alone [1998];Misc/[Adult]/[In]/
Incest Death Squad [2009];Misc/[Adult]/[In]/
Incest Death Squad 2 [2010];Misc/[Adult]/[In]/
Julien Donkey-Boy [1999];Misc/[Adult]/[In]/
Kimyô na sâkasu [2005];Misc/[Adult]/[In]/
Kunsten at græde i kor [2006];Misc/[Adult]/[In]/
La bestia nel cuore [2005];Misc/[Adult]/[In]/
La luna [1979];Misc/[Adult]/[In]/
Le Souffle Au Coeur [1971];Misc/[Adult]/[In]/
Les Diables [2002];Misc/[Adult]/[In]/
Les liens de sang [1978];Misc/[Adult]/[In]/
Liar, Liar: Between Father and Daughter [1993];Misc/[Adult]/[In]/
Little Boy Blue [1997];Misc/[Adult]/[In]/
Lolita [1962];Misc/[Adult]/[In]/
Lolita [1997];Misc/[Adult]/[In]/
Love Actually... Sucks! [2012];Misc/[Adult]/[In]/
Love Strange Love [1982];Misc/[Adult]/[In]/
Luna [1979];Misc/[Adult]/[In]/
Ma Mère [2004];Misc/[Adult]/[In]/
Mad Women [2015];Misc/[Adult]/[In]/
Mandingo [1975];Misc/[Adult]/[In]/
March Comes in Like a Lion [1991];Misc/[Adult]/[In]/
Mie men can an zhi nie sha [1993];Misc/[Adult]/[In]/
Moebius [2013];Misc/[Adult]/[In]/
Murmur of the Heart [1971];Misc/[Adult]/[In]/
My Lover My Son [1970];Misc/[Adult]/[In]/
My Mother [2004];Misc/[Adult]/[In]/
My Sister My Love [1966];Misc/[Adult]/[In]/
No tengas miedo [2011];Misc/[Adult]/[In]/
Obszön - Der Fall Peter Herzl [1981];Misc/[Adult]/[In]/
One to Another [2006];Misc/[Adult]/[In]/
Open My Heart [2002];Misc/[Adult]/[In]/
Pola X [1999];Misc/[Adult]/[In]/
Poodle [1983];Misc/[Adult]/[In]/
Sangatsu no raion [1991];Misc/[Adult]/[In]/
Savage Grace [2007];Misc/[Adult]/[In]/
Schoolgirls Growing Up [1972];Misc/[Adult]/[In]/
Schulmädchen-Report 3. Teil - Was Eltern nicht mal ahnen [1972];Misc/[Adult]/[In]/
Secret Things [2002];Misc/[Adult]/[In]/
Sex with Love [2003];Misc/[Adult]/[In]/
Sexo con amor [2003];Misc/[Adult]/[In]/
Shameless [2012];Misc/[Adult]/[In]/
Sister My Sister [1994];Misc/[Adult]/[In]/
Spanking the Monkey [1994];Misc/[Adult]/[In]/
Stay as You Are [1978];Misc/[Adult]/[In]/
Strange Circus [2005];Misc/[Adult]/[In]/
Suburban Secrets [2004];Misc/[Adult]/[In]/
Syskonbädd 1782 [1966];Misc/[Adult]/[In]/
Tendres cousines [1980];Misc/[Adult]/[In]/
The Art of Crying [2006];Misc/[Adult]/[In]/
The Ballad of Jack and Rose [2005];Misc/[Adult]/[In]/
The Celebration [1998];Misc/[Adult]/[In]/
The Cement Garden [1993];Misc/[Adult]/[In]/
The Color Wheel [2011];Misc/[Adult]/[In]/
The Dark Side of Love [1984];Misc/[Adult]/[In]/
The Devils [2002];Misc/[Adult]/[In]/
The Dreamers [2003];Misc/[Adult]/[In]/
The Hotel New Hampshire [1984];Misc/[Adult]/[In]/
The House of Yes [1997];Misc/[Adult]/[In]/
The Mad Monkey [1989];Misc/[Adult]/[In]/
The Mafu Cage [1978];Misc/[Adult]/[In]/
The Unspeakable Act [2012];Misc/[Adult]/[In]/
The War Zone [1999];Misc/[Adult]/[In]/
Themroc [1973];Misc/[Adult]/[In]/
Twisted Obsession [1989];Misc/[Adult]/[In]/
U Turn [1997];Misc/[Adult]/[In]/
Visszaesök [1983];Misc/[Adult]/[In]/
Wicked [1998];Misc/[Adult]/[In]/
11 Days 11 Nights Part 3 [1989];Misc/[Adult]/[Softcore]/
A Árvore dos Sexos [1977];Misc/[Adult]/[Softcore]/
A Filha de Calígula [1981];Misc/[Adult]/[Softcore]/
A Girl's Affair [2002];Misc/[Adult]/[Softcore]/
A Place Called Truth [1998];Misc/[Adult]/[Softcore]/
A Rock and a Hard Place [1997];Misc/[Adult]/[Softcore]/
Accidental Stripper [2003];Misc/[Adult]/[Softcore]/
Alabama Jones and the Busty Crusade [2005];Misc/[Adult]/[Softcore]/
Alien Abduction: Intimate Secrets [1996];Misc/[Adult]/[Softcore]/
Alien Escape [1997];Misc/[Adult]/[Softcore]/
Aline or Frustrations [2004];Misc/[Adult]/[Softcore]/
All Babe Network [2013];Misc/[Adult]/[Softcore]/
An Erotic Vampire in Paris [2002];Misc/[Adult]/[Softcore]/
Andromina: The Pleasure Planet [1999];Misc/[Adult]/[Softcore]/
Animal Attraction III [2001];Misc/[Adult]/[Softcore]/
Animal Instincts [1992];Misc/[Adult]/[Softcore]/
Animal Instincts II [1994];Misc/[Adult]/[Softcore]/
Anna Nicole Smith: Exposed [1998];Misc/[Adult]/[Softcore]/
Auditions from Beyond [1999];Misc/[Adult]/[Softcore]/
Auftauchen [2006];Misc/[Adult]/[Softcore]/
Babe Watch: Forbidden Parody [1996];Misc/[Adult]/[Softcore]/
Baberellas [2003];Misc/[Adult]/[Softcore]/
Babes in Kongland [2002];Misc/[Adult]/[Softcore]/
Baby Dolls Behind Bars [2012];Misc/[Adult]/[Softcore]/
Bad Girls Behind Bars [2016];Misc/[Adult]/[Softcore]/
Bare Deception [2000];Misc/[Adult]/[Softcore]/
Bare Wench Project: Uncensored [2003];Misc/[Adult]/[Softcore]/
Batbabe: The Dark Nightie [2009];Misc/[Adult]/[Softcore]/
Beautiful Bounty [2001];Misc/[Adult]/[Softcore]/
Beauty Betrayed [2002];Misc/[Adult]/[Softcore]/
Bedroom Eyes [2017];Misc/[Adult]/[Softcore]/
Beim Jodeln juckt die Lederhose [1974];Misc/[Adult]/[Softcore]/
Below the Belt [1971];Misc/[Adult]/[Softcore]/
Betrayed Innocence [2003];Misc/[Adult]/[Softcore]/
Beverly Hills Girls [1986];Misc/[Adult]/[Softcore]/
Bewitched Housewives [2007];Misc/[Adult]/[Softcore]/
Bikini Academy [1996];Misc/[Adult]/[Softcore]/
Bikini Frankenstein [2010];Misc/[Adult]/[Softcore]/
Bikini Girls from the Lost Planet [2006];Misc/[Adult]/[Softcore]/
Bikini Goddesses [1996];Misc/[Adult]/[Softcore]/
Bikini Jones and the Temple of Eros [2010];Misc/[Adult]/[Softcore]/
Bikini Pirates [2006];Misc/[Adult]/[Softcore]/
Bikini Round-Up [2005];Misc/[Adult]/[Softcore]/
Bikini Royale [2008];Misc/[Adult]/[Softcore]/
Bikini Royale 2 [2010];Misc/[Adult]/[Softcore]/
Biri gitti biri geldi [1979];Misc/[Adult]/[Softcore]/
Birthday Sex [2012];Misc/[Adult]/[Softcore]/
Bizarre Voodoo Rituals [1989];Misc/[Adult]/[Softcore]/
Black Emanuelle [1975];Misc/[Adult]/[Softcore]/
Black Emmanuelle, White Emmanuelle [1976];Misc/[Adult]/[Softcore]/
Black Venus [1983];Misc/[Adult]/[Softcore]/
Blonde Heaven [1995];Misc/[Adult]/[Softcore]/
Blood Countess [2008];Misc/[Adult]/[Softcore]/
Blood Countess 2: The Mayhem Begins [2008];Misc/[Adult]/[Softcore]/
Blood Sisters: Vamps 2 [2002];Misc/[Adult]/[Softcore]/
Body Chemistry 4: Full Exposure [1995];Misc/[Adult]/[Softcore]/
Booty Hunter [2012];Misc/[Adult]/[Softcore]/
Bound Cargo [2003];Misc/[Adult]/[Softcore]/
Bound Heat: Betrayed Cargo [2013];Misc/[Adult]/[Softcore]/
Bound Tears [2006];Misc/[Adult]/[Softcore]/
Broadcast Bombshells [1995];Misc/[Adult]/[Softcore]/
Burial of the Rats [1995];Misc/[Adult]/[Softcore]/
Busty Coeds vs. Lusty Cheerleaders [2011];Misc/[Adult]/[Softcore]/
Busty Cops [2004];Misc/[Adult]/[Softcore]/
Busty Cops 2 [2006];Misc/[Adult]/[Softcore]/
Busty Cops and the Jewel of Denial [2010];Misc/[Adult]/[Softcore]/
Busty Cops Go Hawaiian [2010];Misc/[Adult]/[Softcore]/
Busty Cops: Protect and Serve! [2009];Misc/[Adult]/[Softcore]/
Caged Women [1982];Misc/[Adult]/[Softcore]/
Caligula's Spawn [2009];Misc/[Adult]/[Softcore]/
Carnal Crimes [1991];Misc/[Adult]/[Softcore]/
Carnal Desires [2002];Misc/[Adult]/[Softcore]/
Carnal Sins [2001];Misc/[Adult]/[Softcore]/
Castle Eros [2002];Misc/[Adult]/[Softcore]/
Chained Fury: Lesbian Slave Desires [2003];Misc/[Adult]/[Softcore]/
Chantal [2007];Misc/[Adult]/[Softcore]/
Cheeky [2000];Misc/[Adult]/[Softcore]/
Chicks in Chains [1982];Misc/[Adult]/[Softcore]/
Christina [1984];Misc/[Adult]/[Softcore]/
Christina y la reconversión sexual [1984];Misc/[Adult]/[Softcore]/
Cinderella [1977];Misc/[Adult]/[Softcore]/
Cinderella's Hot Night [2017];Misc/[Adult]/[Softcore]/
Cloak & Shag Her [2008];Misc/[Adult]/[Softcore]/
Close Enough to Touch [2002];Misc/[Adult]/[Softcore]/
Club V.R. [1996];Misc/[Adult]/[Softcore]/
Co-ed Starlets [1994];Misc/[Adult]/[Softcore]/
Cold Sweat [1993];Misc/[Adult]/[Softcore]/
Cougar School [2009];Misc/[Adult]/[Softcore]/
Crime & Passion [1999];Misc/[Adult]/[Softcore]/
Cyberella: Forbidden Passions [1996];Misc/[Adult]/[Softcore]/
Dakota Bound [2001];Misc/[Adult]/[Softcore]/
Damien's Seed [1996];Misc/[Adult]/[Softcore]/
Dangerous Invitation [1999];Misc/[Adult]/[Softcore]/
Dangerous Liaisons [2002];Misc/[Adult]/[Softcore]/
Dangerous Passions [2003];Misc/[Adult]/[Softcore]/
Dangerous Pleasures [2003];Misc/[Adult]/[Softcore]/
Dark Secrets [1997];Misc/[Adult]/[Softcore]/
Dead by Dawn [1998];Misc/[Adult]/[Softcore]/
Dead Sexy [2001];Misc/[Adult]/[Softcore]/
Deadly Pickup [2016];Misc/[Adult]/[Softcore]/
Der Liebesschüler [1974];Misc/[Adult]/[Softcore]/
Deviant Fantasies [2006];Misc/[Adult]/[Softcore]/
Deviant Obsession [2002];Misc/[Adult]/[Softcore]/
Diary of Lust [2000];Misc/[Adult]/[Softcore]/
Die Nichten der Frau Oberst [1980];Misc/[Adult]/[Softcore]/
Dirty Blondes from Beyond [2012];Misc/[Adult]/[Softcore]/
Double D Dude Ranch [2016];Misc/[Adult]/[Softcore]/
Dreammaster: The Erotic Invader [1996];Misc/[Adult]/[Softcore]/
Dungeon of Desire [1999];Misc/[Adult]/[Softcore]/
Electra [1996];Misc/[Adult]/[Softcore]/
Eleven Days, Eleven Nights, Part 2 [1988];Misc/[Adult]/[Softcore]/
Emanuelle - Perché violenza alle donne? [1977];Misc/[Adult]/[Softcore]/
Emanuelle and the Last Cannibals [1977];Misc/[Adult]/[Softcore]/
Emanuelle and the White Slave Trade [1978];Misc/[Adult]/[Softcore]/
Emanuelle Around the World [1977];Misc/[Adult]/[Softcore]/
Emanuelle e gli ultimi cannibali [1977];Misc/[Adult]/[Softcore]/
Emanuelle fuga dall'inferno [1983];Misc/[Adult]/[Softcore]/
Emanuelle in America [1977];Misc/[Adult]/[Softcore]/
Emanuelle in the Country [1982];Misc/[Adult]/[Softcore]/
Emanuelle nera [1975];Misc/[Adult]/[Softcore]/
Emanuelle nera: Orient reportage [1976];Misc/[Adult]/[Softcore]/
Emmanuelle [1974];Misc/[Adult]/[Softcore]/
Emmanuelle 2000: Emmanuelle in Paradise [2000];Misc/[Adult]/[Softcore]/
Emmanuelle 3 [1977];Misc/[Adult]/[Softcore]/
Emmanuelle 3: A Lesson in Love [1994];Misc/[Adult]/[Softcore]/
Emmanuelle 4: Concealed Fantasy [1994];Misc/[Adult]/[Softcore]/
Emmanuelle 5: A Time to Dream [1994];Misc/[Adult]/[Softcore]/
Emmanuelle 6: One Final Fling [1994];Misc/[Adult]/[Softcore]/
Emmanuelle 7: The Meaning of Love [1994];Misc/[Adult]/[Softcore]/
Emmanuelle au 7ème ciel [1993];Misc/[Adult]/[Softcore]/
Emmanuelle II [1975];Misc/[Adult]/[Softcore]/
Emmanuelle in Bangkok [1976];Misc/[Adult]/[Softcore]/
Emmanuelle in Space 2: A World of Desire [1994];Misc/[Adult]/[Softcore]/
Emmanuelle IV [1984];Misc/[Adult]/[Softcore]/
Emmanuelle on Taboo Island [1976];Misc/[Adult]/[Softcore]/
Emmanuelle the Private Collection: Emmanuelle vs. Dracula [2004];Misc/[Adult]/[Softcore]/
Emmanuelle the Private Collection: Jesse's Secret Desires [2006];Misc/[Adult]/[Softcore]/
Emmanuelle the Private Collection: Sexual Spells [2003];Misc/[Adult]/[Softcore]/
Emmanuelle Through Time: Emmanuelle's Skin City [2012];Misc/[Adult]/[Softcore]/
Emmanuelle Through Time: Emmanuelle's Supernatural Sexual Activity [2011];Misc/[Adult]/[Softcore]/
Emmanuelle VI [1993];Misc/[Adult]/[Softcore]/
Emmanuelle: A World of Desire [1994];Misc/[Adult]/[Softcore]/
Emmanuelle: First Contact [1994];Misc/[Adult]/[Softcore]/
Emmanuelle: L'antivierge [1975];Misc/[Adult]/[Softcore]/
Erotic Agent II [2003];Misc/[Adult]/[Softcore]/
Erotic Boundaries [1997];Misc/[Adult]/[Softcore]/
Escape from Pleasure Planet [2016];Misc/[Adult]/[Softcore]/
Evil Ambitions [1996];Misc/[Adult]/[Softcore]/
Fallen Angel [1997];Misc/[Adult]/[Softcore]/
Felicity [1978];Misc/[Adult]/[Softcore]/
Femalien [1996];Misc/[Adult]/[Softcore]/
Femalien II [1998];Misc/[Adult]/[Softcore]/
First Desires [1984];Misc/[Adult]/[Softcore]/
Forbidden Desires [2008];Misc/[Adult]/[Softcore]/
Forbidden Games [1995];Misc/[Adult]/[Softcore]/
Forbidden Highway [2001];Misc/[Adult]/[Softcore]/
Forbidden Lust [2004];Misc/[Adult]/[Softcore]/
Forbidden Sins [1999];Misc/[Adult]/[Softcore]/
Friend of the Family [1995];Misc/[Adult]/[Softcore]/
Frivolous Lola [1998];Misc/[Adult]/[Softcore]/
Galaxy Girls [1997];Misc/[Adult]/[Softcore]/
Genie in a String Bikini [2006];Misc/[Adult]/[Softcore]/
Ghost in a Teeny Bikini [2006];Misc/[Adult]/[Softcore]/
Giantess Attack [2017];Misc/[Adult]/[Softcore]/
Girl Camp 2004: Lesbian Fleshpots [2003];Misc/[Adult]/[Softcore]/
Girl Explores Girl: The Alien Encounter [1998];Misc/[Adult]/[Softcore]/
Girl with the Sex-Ray Eyes [2007];Misc/[Adult]/[Softcore]/
Girls in the Night Traffic [1976];Misc/[Adult]/[Softcore]/
Gladiator Eroticvs: The Lesbian Warriors [2001];Misc/[Adult]/[Softcore]/
Goodbye Emmanuelle [1977];Misc/[Adult]/[Softcore]/
Great Bikini Bowling Bash [2014];Misc/[Adult]/[Softcore]/
Gums [1976];Misc/[Adult]/[Softcore]/
Hard Car - Desiderio sfrenato del piacere [1989];Misc/[Adult]/[Softcore]/
Harlots of the Caribbean [2006];Misc/[Adult]/[Softcore]/
Her Odd Tastes [1969];Misc/[Adult]/[Softcore]/
Hidden Passion [2000];Misc/[Adult]/[Softcore]/
Hidden Treasures [2013];Misc/[Adult]/[Softcore]/
High Heel Homicide [2017];Misc/[Adult]/[Softcore]/
Hollywood Dreams [1994];Misc/[Adult]/[Softcore]/
Hollywood Sex Fantasy [2001];Misc/[Adult]/[Softcore]/
Hollywood Sins [2000];Misc/[Adult]/[Softcore]/
Hollywood's Hidden Lives [2001];Misc/[Adult]/[Softcore]/
Hot Ticket [1996];Misc/[Adult]/[Softcore]/
Hot Vampire Nights [2000];Misc/[Adult]/[Softcore]/
Hotel Exotica [1999];Misc/[Adult]/[Softcore]/
House on Hooter Hill [2007];Misc/[Adult]/[Softcore]/
Huntress: Spirit of the Night [1995];Misc/[Adult]/[Softcore]/
Hypnotika [2013];Misc/[Adult]/[Softcore]/
I Like to Play Games [1995];Misc/[Adult]/[Softcore]/
I Like to Play Games Too [1999];Misc/[Adult]/[Softcore]/
Il macellaio [1998];Misc/[Adult]/[Softcore]/
Illicit Behavior [1992];Misc/[Adult]/[Softcore]/
Illicit Desire [2017];Misc/[Adult]/[Softcore]/
Illicit Lovers [2000];Misc/[Adult]/[Softcore]/
Illusions of Sin [1997];Misc/[Adult]/[Softcore]/
Implicated [1995];Misc/[Adult]/[Softcore]/
In the Cold of the Night [1990];Misc/[Adult]/[Softcore]/
Inavouables désirs [2004];Misc/[Adult]/[Softcore]/
Indecent Behavior II [1994];Misc/[Adult]/[Softcore]/
Indecent Behavior III [1995];Misc/[Adult]/[Softcore]/
Insatiable Desires [2003];Misc/[Adult]/[Softcore]/
Intimate Nights [1998];Misc/[Adult]/[Softcore]/
Intimate Obsession [1992];Misc/[Adult]/[Softcore]/
Invisible Centerfolds [2015];Misc/[Adult]/[Softcore]/
Joy and Joan [1985];Misc/[Adult]/[Softcore]/
Joy et Joan [1985];Misc/[Adult]/[Softcore]/
Julia [1974];Misc/[Adult]/[Softcore]/
Kiss and Kill [2017];Misc/[Adult]/[Softcore]/
Kiss of the Skorpion [2003];Misc/[Adult]/[Softcore]/
L'alcova [1985];Misc/[Adult]/[Softcore]/
L'infermiera di campagna [1982];Misc/[Adult]/[Softcore]/
La marge [1976];Misc/[Adult]/[Softcore]/
La spiaggia del desiderio [1976];Misc/[Adult]/[Softcore]/
La strana voglia [1991];Misc/[Adult]/[Softcore]/
La via della prostituzione [1978];Misc/[Adult]/[Softcore]/
Lady Chatterley's Lover [1981];Misc/[Adult]/[Softcore]/
Lash of the Scorpion [2003];Misc/[Adult]/[Softcore]/
Last Call [1991];Misc/[Adult]/[Softcore]/
Le jeu avec le feu [1975];Misc/[Adult]/[Softcore]/
Legend of the Naked Ghost [2017];Misc/[Adult]/[Softcore]/
Lethal Seduction [1997];Misc/[Adult]/[Softcore]/
Lethal Woman [1989];Misc/[Adult]/[Softcore]/
Little Miss Innocence [1973];Misc/[Adult]/[Softcore]/
Little Witches [2011];Misc/[Adult]/[Softcore]/
Lolita 2000 [1998];Misc/[Adult]/[Softcore]/
Lolita from Interstellar Space [2014];Misc/[Adult]/[Softcore]/
Love Exchange [2001];Misc/[Adult]/[Softcore]/
Love Me Twice [1996];Misc/[Adult]/[Softcore]/
Love Scenes [1984];Misc/[Adult]/[Softcore]/
Lust Connection [2005];Misc/[Adult]/[Softcore]/
Lust for Frankenstein [1998];Misc/[Adult]/[Softcore]/
Lust in Space: The Erotic Witch Project IV [2005];Misc/[Adult]/[Softcore]/
Lust Sessions [2008];Misc/[Adult]/[Softcore]/
Lustful Addiction [2003];Misc/[Adult]/[Softcore]/
Madame Hollywood [2002];Misc/[Adult]/[Softcore]/
Mädchen im Nachtverkehr [1976];Misc/[Adult]/[Softcore]/
Married People, Single Sex II: For Better or Worse [1995];Misc/[Adult]/[Softcore]/
Marshmallow Este [2005];Misc/[Adult]/[Softcore]/
Masseuse 3 [1998];Misc/[Adult]/[Softcore]/
Messo comunale praticamente spione [1982];Misc/[Adult]/[Softcore]/
Miami Models [1994];Misc/[Adult]/[Softcore]/
Midnight Confessions [1994];Misc/[Adult]/[Softcore]/
Midnight Gigolo [1986];Misc/[Adult]/[Softcore]/
Mirror Images [1992];Misc/[Adult]/[Softcore]/
Mirror, Mirror III: The Voyeur [1995];Misc/[Adult]/[Softcore]/
Mistress Frankenstein [2000];Misc/[Adult]/[Softcore]/
Mistress of Seduction [1998];Misc/[Adult]/[Softcore]/
Mistress of Souls [2007];Misc/[Adult]/[Softcore]/
Model Lust [2003];Misc/[Adult]/[Softcore]/
Monella [1998];Misc/[Adult]/[Softcore]/
Monique, My Love [1969];Misc/[Adult]/[Softcore]/
Morgana [1995];Misc/[Adult]/[Softcore]/
My Open Minded Wife [2006];Misc/[Adult]/[Softcore]/
Naked Ambition [2005];Misc/[Adult]/[Softcore]/
Naked Betrayal [2002];Misc/[Adult]/[Softcore]/
Naked Encounters [2005];Misc/[Adult]/[Softcore]/
Naked Lies [1998];Misc/[Adult]/[Softcore]/
Naked Secrets [2006];Misc/[Adult]/[Softcore]/
Naughty Novelist [2008];Misc/[Adult]/[Softcore]/
Naughty Reunion [2011];Misc/[Adult]/[Softcore]/
Night Calls: The Movie [1998];Misc/[Adult]/[Softcore]/
Night Eyes [1990];Misc/[Adult]/[Softcore]/
Night Eyes Three [1993];Misc/[Adult]/[Softcore]/
Night Fire [1994];Misc/[Adult]/[Softcore]/
Night Visions [1991];Misc/[Adult]/[Softcore]/
No Escape [2008];Misc/[Adult]/[Softcore]/
On Consignment [2007];Misc/[Adult]/[Softcore]/
Over the Wire [1996];Misc/[Adult]/[Softcore]/
Parisian Sex Kittens [2002];Misc/[Adult]/[Softcore]/
Payton Collins: Serial Rapist [2011];Misc/[Adult]/[Softcore]/
Peccati in famiglia [1975];Misc/[Adult]/[Softcore]/
Perfectly Legal [2002];Misc/[Adult]/[Softcore]/
Personals: College Girl Seeking... [2001];Misc/[Adult]/[Softcore]/
Petticoat Planet [1996];Misc/[Adult]/[Softcore]/
Phantom Love [2001];Misc/[Adult]/[Softcore]/
Picture of Beauty [2017];Misc/[Adult]/[Softcore]/
Pirates [2005];Misc/[Adult]/[Softcore]/
Pirates II: Stagnetti's Revenge [2008];Misc/[Adult]/[Softcore]/
Planet of the Erotic Ape [2002];Misc/[Adult]/[Softcore]/
Play Time [1994];Misc/[Adult]/[Softcore]/
Play-Mate of the Apes [2002];Misc/[Adult]/[Softcore]/
Playing with Fire [1975];Misc/[Adult]/[Softcore]/
Pleasure or Pain [2012];Misc/[Adult]/[Softcore]/
Pleasurecraft [1999];Misc/[Adult]/[Softcore]/
Pleasures of Sin [2001];Misc/[Adult]/[Softcore]/
Pomeriggio caldo [1989];Misc/[Adult]/[Softcore]/
Pornô! [1981];Misc/[Adult]/[Softcore]/
Possessed by the Night [1994];Misc/[Adult]/[Softcore]/
Premiers désirs [1984];Misc/[Adult]/[Softcore]/
Private Passions [1985];Misc/[Adult]/[Softcore]/
Private Sex Club [2004];Misc/[Adult]/[Softcore]/
Rolls-Royce Baby [1975];Misc/[Adult]/[Softcore]/
Roxanna [2002];Misc/[Adult]/[Softcore]/
Run with Fear [2005];Misc/[Adult]/[Softcore]/
Russian Lolita [2007];Misc/[Adult]/[Softcore]/
Russkaya Lolita [2007];Misc/[Adult]/[Softcore]/
Saikin, imôto no yôsu ga chotto okashii n da ga. [2014];Misc/[Adult]/[Softcore]/
Sapphire Girls [2003];Misc/[Adult]/[Softcore]/
Satanic Yuppies [1996];Misc/[Adult]/[Softcore]/
Scandal in the Family [1975];Misc/[Adult]/[Softcore]/
Scandal: The Big Turn On [2000];Misc/[Adult]/[Softcore]/
Scared Topless [2015];Misc/[Adult]/[Softcore]/
Scent of Passion [1991];Misc/[Adult]/[Softcore]/
School of Surrender [2005];Misc/[Adult]/[Softcore]/
Scoring [1995];Misc/[Adult]/[Softcore]/
Scorned [1993];Misc/[Adult]/[Softcore]/
Secret Pleasures [2002];Misc/[Adult]/[Softcore]/
Secrets of a French Maid [1980];Misc/[Adult]/[Softcore]/
Senso '45 [2002];Misc/[Adult]/[Softcore]/
Sex Court: The Movie [2001];Misc/[Adult]/[Softcore]/
Sex Files [2008];Misc/[Adult]/[Softcore]/
Sex Files: Alien Erotica [1998];Misc/[Adult]/[Softcore]/
Sex Files: Alien Erotica II [2000];Misc/[Adult]/[Softcore]/
Sex Files: Digital Sex [1998];Misc/[Adult]/[Softcore]/
Sex Files: Sexual Matrix [2000];Misc/[Adult]/[Softcore]/
Sex Files: Sexually Bewitched [2000];Misc/[Adult]/[Softcore]/
Sex, Secrets & Betrayals [2000];Misc/[Adult]/[Softcore]/
Sexcula [1974];Misc/[Adult]/[Softcore]/
Sexipede! [2014];Misc/[Adult]/[Softcore]/
Sexscape: Lesbians From Beyond [1998];Misc/[Adult]/[Softcore]/
Sexual Chemistry [1999];Misc/[Adult]/[Softcore]/
Sexual Incantations [2006];Misc/[Adult]/[Softcore]/
Sexual Intrigue [2000];Misc/[Adult]/[Softcore]/
Sexual Intrigue [2008];Misc/[Adult]/[Softcore]/
Sexual Malice [1994];Misc/[Adult]/[Softcore]/
Sexual Response [1992];Misc/[Adult]/[Softcore]/
Sexual Retreat 2 [2006];Misc/[Adult]/[Softcore]/
Sexual Surrender [2003];Misc/[Adult]/[Softcore]/
Sexual Witchcraft [2011];Misc/[Adult]/[Softcore]/
Sexually Bugged! [2014];Misc/[Adult]/[Softcore]/
Sexually Submissive [2006];Misc/[Adult]/[Softcore]/
Sexy Adventures of Van Helsing [2004];Misc/[Adult]/[Softcore]/
Sexy Assassins [2012];Misc/[Adult]/[Softcore]/
Sexy Soccer [2004];Misc/[Adult]/[Softcore]/
Sexy Warriors [2014];Misc/[Adult]/[Softcore]/
Sexy Wives Sindrome [2011];Misc/[Adult]/[Softcore]/
Sexy Wives Sinsations [2013];Misc/[Adult]/[Softcore]/
Shackled Bounty [2012];Misc/[Adult]/[Softcore]/
Shadow Dancer [1997];Misc/[Adult]/[Softcore]/
She's No Angel: Cameron Diaz [1992];Misc/[Adult]/[Softcore]/
Sing gum zhook kao [2004];Misc/[Adult]/[Softcore]/
Sins of Desire [1993];Misc/[Adult]/[Softcore]/
Slave Tears of Rome: Part One [2011];Misc/[Adult]/[Softcore]/
Sorceress [1995];Misc/[Adult]/[Softcore]/
Sorceress II: The Temptress [1999];Misc/[Adult]/[Softcore]/
Spermula [1976];Misc/[Adult]/[Softcore]/
Spiderbabe [2003];Misc/[Adult]/[Softcore]/
Staying on Top [2002];Misc/[Adult]/[Softcore]/
Stormy Nights [1996];Misc/[Adult]/[Softcore]/
Strip Club Slayer [2016];Misc/[Adult]/[Softcore]/
Strip For Action [1996];Misc/[Adult]/[Softcore]/
Stripped to Kill [1987];Misc/[Adult]/[Softcore]/
Stripped to Kill II: Live Girls [1989];Misc/[Adult]/[Softcore]/
Stripper Wives [1999];Misc/[Adult]/[Softcore]/
Stripteaser [1995];Misc/[Adult]/[Softcore]/
Survivors Exposed [2001];Misc/[Adult]/[Softcore]/
Sweet Prudence & the Erotic Adventure of Bigfoot [2011];Misc/[Adult]/[Softcore]/
Sweetheart Murders [1998];Misc/[Adult]/[Softcore]/
Swingers Sex Party [2007];Misc/[Adult]/[Softcore]/
Takin' It Off Out West [1995];Misc/[Adult]/[Softcore]/
Tarzeena: Jiggle in the Jungle [2008];Misc/[Adult]/[Softcore]/
Teenage Cavegirl [2004];Misc/[Adult]/[Softcore]/
Teenage Innocence [1973];Misc/[Adult]/[Softcore]/
Tender Flesh [1997];Misc/[Adult]/[Softcore]/
Test Tube Teens from the Year 2000 [1994];Misc/[Adult]/[Softcore]/
That 70's Girl [2003];Misc/[Adult]/[Softcore]/
The Alcove [1985];Misc/[Adult]/[Softcore]/
The Bare Wench Project [2000];Misc/[Adult]/[Softcore]/
The Bare Wench Project 2: Scared Topless [2001];Misc/[Adult]/[Softcore]/
The Bare Wench Project 3: Nymphs of Mystery Mountain [2002];Misc/[Adult]/[Softcore]/
The Big Bust Theory [2013];Misc/[Adult]/[Softcore]/
The Big Hustle [1999];Misc/[Adult]/[Softcore]/
The Bikini Escort Company [2006];Misc/[Adult]/[Softcore]/
The Breastford Wives [2007];Misc/[Adult]/[Softcore]/
The Butcher [1998];Misc/[Adult]/[Softcore]/
The Dark Dancer [1995];Misc/[Adult]/[Softcore]/
The Devil Wears Nada [2009];Misc/[Adult]/[Softcore]/
The Diary [1999];Misc/[Adult]/[Softcore]/
The Diary 2 [1999];Misc/[Adult]/[Softcore]/
The Diary 3 [2000];Misc/[Adult]/[Softcore]/
The Diary 4 [2000];Misc/[Adult]/[Softcore]/
The Erotic Dreams of Jeannie [2006];Misc/[Adult]/[Softcore]/
The Erotic Ghost [2001];Misc/[Adult]/[Softcore]/
The Erotic Misadventures of the Invisible Man [2003];Misc/[Adult]/[Softcore]/
The Erotic Time Machine [2002];Misc/[Adult]/[Softcore]/
The Erotic Witch Project [2000];Misc/[Adult]/[Softcore]/
The Escort III [1999];Misc/[Adult]/[Softcore]/
The Exotic House of Wax [1997];Misc/[Adult]/[Softcore]/
The Exotic Time Machine [1998];Misc/[Adult]/[Softcore]/
The Final Victim [2003];Misc/[Adult]/[Softcore]/
The Girl from B.I.K.I.N.I. [2007];Misc/[Adult]/[Softcore]/
The Good, The Bad and The Beautiful [2005];Misc/[Adult]/[Softcore]/
The Hills Have Thighs [2010];Misc/[Adult]/[Softcore]/
The Insatiable IronBabe [2008];Misc/[Adult]/[Softcore]/
The Key to Sex [1999];Misc/[Adult]/[Softcore]/
The King [1968];Misc/[Adult]/[Softcore]/
The Lady in Blue [1996];Misc/[Adult]/[Softcore]/
The Lord of the G-Strings: The Femaleship of the String [2003];Misc/[Adult]/[Softcore]/
The Mistress Club [2000];Misc/[Adult]/[Softcore]/
The Model Solution [2002];Misc/[Adult]/[Softcore]/
The Most Dangerous Woman Alive [1989];Misc/[Adult]/[Softcore]/
The Other Woman [1992];Misc/[Adult]/[Softcore]/
The Price of Desire [1997];Misc/[Adult]/[Softcore]/
The Sex Merchants [2011];Misc/[Adult]/[Softcore]/
The Sex Spa II: Body Work [2005];Misc/[Adult]/[Softcore]/
The Sex Spirit [2009];Misc/[Adult]/[Softcore]/
The Sexy Sixth Sense [2001];Misc/[Adult]/[Softcore]/
The Slave Huntress [2007];Misc/[Adult]/[Softcore]/
The Slave Huntress 2 [2009];Misc/[Adult]/[Softcore]/
The Stalker 2: Desire and Deception [2001];Misc/[Adult]/[Softcore]/
The Teenie Weenie Bikini Squad [2012];Misc/[Adult]/[Softcore]/
The Witches of Breastwick [2005];Misc/[Adult]/[Softcore]/
The Witches of Breastwick 2 [2005];Misc/[Adult]/[Softcore]/
Thirteen Erotic Ghosts [2002];Misc/[Adult]/[Softcore]/
Timegate: Tales of the Saddle Tramps [1999];Misc/[Adult]/[Softcore]/
To the Limit [1995];Misc/[Adult]/[Softcore]/
Top Model [1988];Misc/[Adult]/[Softcore]/
Total Romance [2002];Misc/[Adult]/[Softcore]/
Total Romance 2 [2002];Misc/[Adult]/[Softcore]/
Trasgredire [2000];Misc/[Adult]/[Softcore]/
Treasure Hunt [2003];Misc/[Adult]/[Softcore]/
Tropical Tease [1994];Misc/[Adult]/[Softcore]/
Twisted Love [2006];Misc/[Adult]/[Softcore]/
Undercover [1995];Misc/[Adult]/[Softcore]/
Undercover Heat [1995];Misc/[Adult]/[Softcore]/
Undercover Sex [2003];Misc/[Adult]/[Softcore]/
Vampire Obsession [2002];Misc/[Adult]/[Softcore]/
Vamps [1995];Misc/[Adult]/[Softcore]/
Velluto nero [1976];Misc/[Adult]/[Softcore]/
Venus Descending [1997];Misc/[Adult]/[Softcore]/
Victim of Desire [1995];Misc/[Adult]/[Softcore]/
Violenza in un carcere femminile [1982];Misc/[Adult]/[Softcore]/
Virgin Hunters [1994];Misc/[Adult]/[Softcore]/
Virgin Hunters 2 [2016];Misc/[Adult]/[Softcore]/
Virgin Hunters 3: Agents of Passion [2017];Misc/[Adult]/[Softcore]/
Virgins of Sherwood Forest [2000];Misc/[Adult]/[Softcore]/
Virtual Desire [1995];Misc/[Adult]/[Softcore]/
Virtual Encounters [1996];Misc/[Adult]/[Softcore]/
Virtual Encounters 2 [1998];Misc/[Adult]/[Softcore]/
Virtual Girl [1998];Misc/[Adult]/[Softcore]/
Virtual Girl 2: Virtual Vegas [2001];Misc/[Adult]/[Softcore]/
Virtual Sex [1998];Misc/[Adult]/[Softcore]/
Voglia di guardare [1986];Misc/[Adult]/[Softcore]/
Voices of Seduction [1994];Misc/[Adult]/[Softcore]/
Voodoo Dollz [2008];Misc/[Adult]/[Softcore]/
Voyeur [1999];Misc/[Adult]/[Softcore]/
Watch Me [1995];Misc/[Adult]/[Softcore]/
What's Going on with My Sister? [2014];Misc/[Adult]/[Softcore]/
White Slave Lovers [2001];Misc/[Adult]/[Softcore]/
Wicked Sins [2002];Misc/[Adult]/[Softcore]/
Wild Cactus [1993];Misc/[Adult]/[Softcore]/
Witchcraft IV: The Virgin Heart [1992];Misc/[Adult]/[Softcore]/
Womb Raider [2003];Misc/[Adult]/[Softcore]/
Women's Prison Massacre [1983];Misc/[Adult]/[Softcore]/
Young and Tempting [2006];Misc/[Adult]/[Softcore]/
Zorrita: Passion's Avenger [2000];Misc/[Adult]/[Softcore]/