Global;[Foreign Shows]/
CTV;[Foreign Shows]/
Discovery Channel (CA);[Foreign Shows]/
Canal+;[Foreign Shows]/
ZDF;[Foreign Shows]/
ABC2;[Foreign Shows]/
ABC (AU);[Foreign Shows]/
Paramount Comedy;[Foreign Shows]/
YTV (CA);[Foreign Shows]/
E4;[Foreign Shows]/
ITV Encore;[Foreign Shows]/
Channel 5 (UK);[Foreign Shows]/
SBS (AU);[Foreign Shows]/
Space;[Foreign Shows]/
Stan;[Foreign Shows]/
Comedy (CA);[Foreign Shows]/
BBC;[Foreign Shows]/
BBC One;[Foreign Shows]/
BBC ONE;[Foreign Shows]/
BBC Two;[Foreign Shows]/
BBC iPlayer;[Foreign Shows]/
BBC Three;[Foreign Shows]/
BBC Four;[Foreign Shows]/
CBBC;[Foreign Shows]/
Teletoon;[Foreign Shows]/
Channel 4;[Foreign Shows]/
Nine Network;[Foreign Shows]/
ITV1;[Foreign Shows]/
ITV2;[Foreign Shows]/
ITV;[Foreign Shows]/
VRV;[Foreign Shows]/
Tokyo MX;[Foreign Shows]/
Network Ten;[Foreign Shows]/
Sky1;[Foreign Shows]/
Seven Network;[Foreign Shows]/
Showcase (CA);[Foreign Shows]/
France 3;[Foreign Shows]/
City;[Foreign Shows]/
Sky Arts;[Foreign Shows]/
Dave;[Foreign Shows]/
Sky Atlantic (UK);[Foreign Shows]/
CBC (CA);[Foreign Shows]/