Spectrum;[US] [Spectrum]
Spike;[US] [Spike]
Quibi;[US] [Quibi]
Comedy Central;[US] [Comedy Central]
Shudder;[US] [Shudder]
Smithsonian Channel; [US] [Smithsonian Channel]
ZDF;[EU] [ZDF]
YouTube Premium;[US] [YouTube Premium]
Nickelodeon;[US] [Nickelodeon]
Apple TV+;[US] [Apple TV+]
Animal Planet;[US] [Animal Planet] 
History;[US] [History]
H2;[US] [H2]
ABC2;[AU] [ABC2]
Paramount Comedy; [UK] [Paramount Comedy]
E4;[UK] [E4]
Space; [CA] [Space]
Stan;[AU] [Stan]
UP TV;[US] [UP TV]
Science Channel;[US] [Science Channel]
Nat Geo Wild;[US] [Nat Geo Wild]
Dave;[UK] [Dave]
Sky Arts;[UK] [Sky Arts]
City;[CA] [City]
TeleToon;[CA] [TeleToon]
France 3;[France] [France 3]
The Family Channel;[US] [The Family Channel]
DC Universe;[US] [DC Universe]
AMC;[US] [AMC]
PBS;[US] [PBS]
H2;[US] [H2]
VH1;[US] [VH1]
G4;[US] [G4]
Food Network;[US] [Food Network]
Amazon;[US] [Amazon]
Discovery;[US] [Discovery]
Seven Network;[AU] [Seven Network]
Showtime;[US] [Showtime]
BBC;[UK] [BBC]
BBC One;[UK] [BBC One]
BBC ONE;[UK] [BBC One]
BBC Four;[UK] [BBC Four]
ITV;[UK] [ITV]
ITV2;[UK] [ITV2]
Sky1;[UK] [Sky1]
BBC iPlayer;[UK] [BBC iPlayer]
BBC Two;[UK] [BBC Two]
BBC Three;[UK] [BBC Three]
Cartoon Hangover;[US] [Cartoon Hangover]
YouTube;[US] [YouTube]
Playhouse Disney;[US] [Disney]
CMT;[US] [CMT]
MTV; [US] [MTV]
MTV2; [US] [MTV2]
NickToons;[US] [NickToons]
NickToons Network;[US] [NickToons]
CW Seed;[US] [CW Seed]
Syndicated;[US] [Syndicated]
Syndication;[US] [Syndication]
Hulu;[US] [Hulu]
CBBC;[UK] [CBBC]
Cinemax;[US] [Cinemax]
Teletoon;[CA] [Teletoon]
Discovery Family;[US] [Discovery Family]
Investigation Discovery;[US] [Investigation Discovery]
National Geographic;[US] [NeoGeo]
National Geographic (US);[US] [NeoGeo]
Spike TV;[US] [Spike]
Channel 4;[UK] [Channel 4]
Discovery Channel;[US] [Discovery]
The CW;[US] [CW]
USA Network;[US] [USA Network]
WGN AMerica;[US] [WGN America]
Travel Channel;[US] [Travel Channel]
TBS Superstation;[US] [TBS Superstaion]
The WB;[US] [WB]
Disney Channel;[US] [Disney]
WE tv;[US] [WE TV]
FOX (US);[US] [FOX]
FOX;[US] [FOX]
NBC;[US] [NBC]
Nine Network; [AUS] [Nine Network]
ITV1;[UK] [ITV1]
ABC Family;[US] [ABC Family]
truTV;[US] [TrueTV]
Netflix;[US] [Netflix]
CBS;[US] [CBS]
Freeform;[US] [Freeform]
UPN;[US] [UPN]
Adult Swim;[US] [Adult Swim]
TBS;[US] [TBS]
Syfy;[US] [Syfy]
VRV;[CA] [VRV]
Tokyo MX;[JP] [Tokyo MX]
Boomerang;[US] [Boomerang]
HBO;[US] [HBO]
Cartoon Network;[US] [Cartoon Network]
Sony Crackle;[US] [Sony Crackle]
The Hub;[US] [The Hub]
go90;[US] [go90]
Disney XD;[US] [Disney XD]
Toon Disney; [US] [Toon Disney]
Fox Family;[US] [Fox Family]
Network Ten;[AU] [Network Ten]
FXX;[US] [FXX]
FX;[US] [FX]
